R1,R2,QT,PT,MEM,STD,NSTD,STDSEG,NOTSTDSEG,PTQTDALL,PTQTDEPR
562,593,3981038066,395144642,22190768,220,341,109,341,63030,7426
561,593,2374024411,191482284,54452816,179,276,120,275,53523,10678
593,623,2274533406,19337517,40511504,264,180,173,7,48967,1093
593,624,2171295000,41490137,66062832,144,149,6,148,35241,3363
505,535,2371702933,18402176,74443360,262,186,175,11,83415,1177
530,560,2598110587,51423166,61402776,600,180,35,176,93433,1913
537,567,2087132219,12347014,88358984,131,149,37,112,39229,1018
500,530,2145243639,22286440,120719736,321,176,2,176,51319,1099
505,533,2165731125,76881758,89926832,227,145,119,149,63529,7054
560,591,2154542165,30201352,120884336,145,149,77,147,34689,4012
533,562,2083542037,20020767,136289680,117,149,2,149,31926,3532
560,593,2145679068,104468499,156828520,128,172,104,184,38835,12676
594,625,2178225291,76770440,59691800,260,142,0,142,47697,3653
502,532,2070581816,7710582,89274184,300,90,90,3,47495,827
625,656,2141722972,57176290,116388680,275,136,1,136,42338,4580
501,561,2041140151,72361323,138572624,163,157,94,166,38564,6993
530,535,2155208873,251256991,155918840,83,96,116,65,38742,11803
531,561,2192783082,18186929,34947680,373,148,3,148,58785,1467
562,594,2088096218,60667511,56307848,109,152,37,152,31235,6334
593,625,2075198345,45646162,77663896,87,143,32,123,29943,6077
530,562,2153104044,98414479,103764008,240,144,2,144,46038,9789
475,534,2081383806,70547979,127568680,73,159,79,184,47373,6213
468,499,2052564306,9035431,35348200,282,64,62,13,46862,4222
505,534,2227816014,35724733,80957816,424,5,3,4,70468,3432
434,467,2024905725,106587377,96919296,100,104,188,188,36128,7239
561,592,2218075662,32696919,126601992,328,47,38,46,42583,2884
597,626,2035099082,32800485,30745432,120,176,67,176,32952,4664
532,562,2103772586,11148845,52730968,145,143,4,143,32251,1381
656,687,2082003314,26690301,79116424,283,104,31,79,34552,5343
471,501,2014576114,6793187,101096888,188,136,0,136,35378,808
597,627,2045581559,8992882,134064432,221,197,6,197,61662,900
597,628,2085262587,32808551,48837408,104,117,50,110,36171,4113
687,717,2073146908,8987921,69990336,65,135,50,137,19364,2028
416,505,2030841519,12891732,99611064,234,10,10,11,66731,9072
530,593,2134156933,69657370,118649216,126,127,77,127,32447,11390
325,475,2017982657,41424940,36836264,76,117,155,150,56704,13005
325,505,2012567318,30781471,59197608,74,102,128,116,53114,14282
325,445,2021696943,36110023,85619520,78,118,157,120,57606,10436
435,467,1974449732,8432024,101880328,143,86,86,2,39415,4815
530,534,2180816684,65983347,130333968,188,85,92,71,50880,13140
688,718,2066140035,9503831,53658376,181,132,7,130,35374,750
560,592,2137340478,81132866,79155552,240,116,21,116,44606,9148
567,598,2046702924,21565492,98751920,76,133,5,133,25183,2861
596,625,2094835897,32845270,116388184,97,141,2,141,26199,3647
475,535,2117975242,30532183,50945360,123,124,65,124,52644,4501
687,718,2067600784,11234836,71718248,74,131,43,129,20411,2855
531,563,2076990727,35625380,88701736,147,86,69,86,27496,6003
626,655,2112218014,24940724,105678088,148,115,13,107,24370,4249
325,415,2057104886,48597347,35396048,79,121,125,123,59008,8993
445,475,2290457327,12290155,75310080,264,119,2,119,85430,845
533,565,2138794067,66008878,97074040,131,122,8,121,38706,7588
475,533,2080294150,46357152,117023304,78,110,59,118,40632,7179
534,565,2110122844,63624280,51357856,205,123,3,123,46911,6528
472,502,2024389929,3717354,68871056,128,122,0,122,25040,546
504,532,2098328111,25182048,95143472,164,74,76,13,45179,4846
475,504,2073949739,37986587,109154272,79,111,97,110,35660,3757
530,561,2425762119,134756739,76060992,563,148,13,148,80963,5252
626,656,2114227268,6951817,108136232,634,19,15,4,60147,1420
596,628,2113239189,19395599,45551432,206,41,40,23,39166,5547
356,445,2017182011,12114817,76444080,220,10,12,11,65661,7586
562,624,2148511298,59013447,91074480,89,110,12,111,25198,6741
562,625,2108373417,54827103,104076312,69,104,32,107,23357,7714
595,656,2260175673,75769775,37862880,123,96,67,58,29245,6664
655,684,2173673746,10967399,48885040,54,119,20,117,14657,2667
415,535,2088892554,38660828,74049528,107,80,72,92,45873,8619
500,561,2046193580,28505496,86635664,56,132,97,140,20985,5223
656,686,2288852105,35365629,42599376,105,109,13,105,20084,3315
501,531,2325909957,25365846,71491384,262,115,71,112,47725,1921
500,560,2043313063,18698570,85182552,61,120,120,128,19495,4018
562,591,2123038675,13801880,104921872,96,110,79,106,26703,2793
687,716,2093959446,17546645,42115768,183,25,15,24,18828,2848
521,553,2025614971,11736328,58263160,222,13,15,9,44077,5929
501,562,2052725578,50753859,72953608,153,61,33,60,25782,5499
531,535,2145513275,35571739,94973160,115,100,112,68,45777,10745
534,596,2337078035,92471303,44331040,143,100,100,96,37258,9182
646,650,2116171608,6549191,61324664,203,6,6,6,38970,9322
658,688,2052197642,16176431,89638368,113,95,20,94,22907,2160
505,530,2170310384,16929498,42457104,113,16,24,15,26584,7969
533,596,2109593324,38557890,62907520,93,97,98,95,31006,9069
623,654,2065579577,25988411,77904472,119,81,1,81,23581,2772
445,535,2105057250,50492530,33080896,116,93,61,92,48524,6658
533,563,2179786390,17440578,58195224,237,115,0,115,37718,1485
380,410,2052639205,4559368,76698352,141,100,0,100,28481,482
415,445,2176091085,1086503,57078528,326,19,19,0,81344,690
500,562,2005534338,17829213,65018456,22,97,77,103,14188,4968
681,711,2168234333,3364704,102124168,282,189,189,2,60259,977
441,471,2018858784,4012313,43028880,128,98,0,98,25539,452
567,597,1997890901,14458662,60358264,122,110,0,110,24737,1302
596,626,2294606429,21781527,42145272,154,180,108,86,37502,2563
415,475,2201384594,50553116,78017344,241,90,92,91,79435,5431
521,554,2085746926,12957758,34304320,223,13,16,12,44638,7569
535,597,2275457554,46837173,59694376,156,72,40,72,43461,8037
325,416,2070430580,17981234,82767784,81,90,98,91,53655,6385
530,563,2163835278,37211988,34116056,42,92,46,90,17463,6421
594,656,2177465156,66124777,51954936,136,91,6,89,27696,6994
595,626,2237948679,86372846,41392560,205,145,3,142,45773,7521
502,562,2019912568,27735547,52253928,82,96,21,96,20322,3851
614,648,2009164417,17279291,65285752,170,8,10,10,34541,8562
562,622,2145321850,14834839,72893016,61,61,26,63,15081,3164
472,532,1971903426,22195290,30625680,97,92,4,92,20071,3401
475,505,2229968517,6552096,79218304,456,75,76,2,99052,1100
531,560,2186773482,12075908,46976064,120,82,7,82,32627,2119
536,567,1998197650,11812198,63395944,95,90,2,90,19658,2016
655,686,2053236172,24572723,30071712,91,91,24,90,20227,2413
676,680,2002723107,19001980,44002464,149,18,12,18,28726,7796
498,530,2037768532,14894043,70872192,382,9,5,9,53879,8698
530,565,2209398985,30762481,32108184,75,47,52,44,22740,9953
561,650,2300462989,17275333,55367968,109,70,59,26,25069,8286
504,535,2080229381,8629609,76487472,202,11,11,5,33475,1800
532,563,2087007533,11597279,43621704,85,81,50,82,17657,2248
535,563,2113177476,14620262,56665224,38,91,57,92,17176,3776
563,594,2174384458,37578302,57595136,265,113,6,114,44420,3007
325,535,2021474457,15669041,74556936,46,72,77,94,33950,11382
350,380,1974694547,1515000,33483992,87,89,0,89,22331,352
479,567,2009143470,3773784,47430512,89,47,47,4,23765,4727
624,655,2227066253,18848466,68283968,120,86,2,86,24495,2280
650,681,2171002162,9586984,36991864,47,89,54,87,19925,2982
500,531,2215594714,15787153,49741392,113,87,70,44,24055,2795
504,530,2225911418,17869863,68390896,115,23,29,12,27287,7227
506,536,2246540442,2542201,38485608,82,87,2,87,16591,602
537,568,2095734015,6115030,54228544,84,73,0,73,20184,1943
563,593,2164825759,10369378,71587664,214,134,0,134,37793,1090
563,625,2121259394,69527199,42691224,167,74,4,74,31550,7045
711,715,1990756916,33233043,55869136,165,24,19,34,27896,8923
325,386,2012538847,16673972,44971752,84,92,98,93,54630,4305
718,747,1974936539,11418374,56301088,66,79,54,80,12882,2201
435,468,2026019439,8137092,69882648,99,82,85,5,31308,6657
534,627,2077600993,38351920,40176992,71,82,89,150,25536,9085
680,710,2188004239,4784467,75464080,221,98,5,97,40549,740
416,535,2029379314,15777714,53471824,104,61,59,60,42725,8667
443,473,1932431086,1894132,32553984,66,84,2,83,17098,303
445,534,2054485301,24361264,51750256,72,75,73,74,39505,6319
626,657,2160860178,24224676,59227040,316,18,6,16,31477,4843
471,561,2023473217,55679356,35081096,104,87,56,89,24059,6943
508,567,1965514457,12045364,51789864,119,51,47,17,27538,3154
614,649,1990258549,11742235,33643392,143,5,6,6,30399,9092
416,475,2082332762,11850602,37441744,237,11,11,16,67339,5847
655,685,2049084364,6476471,57789224,279,41,4,39,29334,926
325,356,2086731228,21083915,58004608,205,89,72,97,75451,2852
533,627,2116288071,30237303,40817224,71,54,58,97,22111,8588
568,598,1953890101,3090495,55248168,77,90,0,90,19977,770
629,658,1991546795,2949466,42396464,163,4,1,4,12865,1353
445,533,1996445658,19710527,57685120,78,45,36,46,34055,6488
531,595,2091830289,55471939,39041080,83,69,58,73,26802,11469
532,595,2062111518,46221687,54054112,87,74,68,76,27836,9719
533,595,2079803623,112007324,47270592,99,125,97,126,35417,9934
567,596,2011225860,12277465,59820424,80,80,4,80,19978,2407
532,565,2090266172,33435154,46185344,110,53,49,55,28273,8130
658,687,2049798182,18526868,37455192,205,74,1,74,26583,1985
386,535,2037484942,12612128,35436864,101,56,57,55,41688,9738
531,565,2060241712,32478735,49831232,105,41,39,46,26180,9556
559,591,1980276108,8767195,34742328,73,68,73,45,19982,3395
627,657,2095523001,18385641,45040872,78,76,4,76,15841,3012
621,651,2140443229,5222086,52613616,290,69,1,69,37293,810
675,679,1957965931,55165558,36398840,147,44,16,45,31779,8734
265,415,2018279585,10515524,52915232,73,19,16,20,38291,6249
533,561,2071600708,11291449,39611056,23,68,11,65,15362,3349
565,626,2053735249,24463540,53934288,62,88,73,88,22359,5136
593,655,2117618834,36194452,45421688,68,93,24,73,20853,5386
614,650,1970191007,8623657,33720432,134,2,2,2,28327,10320
434,468,1988007773,32645257,46493096,82,77,80,76,28194,8135
445,505,2048121320,24735872,40635856,153,177,114,72,78248,5341
561,624,2111429965,40569524,52984264,79,85,31,84,21667,7256
613,644,2029212629,21143956,56840120,137,99,95,80,41521,3717
530,595,2131420289,43479774,39695488,56,66,81,62,22689,11364
565,628,2009776617,35949000,56820336,95,92,175,92,33331,7833
416,533,1997170777,12009257,45512688,67,35,37,35,30877,7442
508,537,1972946705,4555747,65030272,155,43,40,43,30517,879
562,621,2062834828,15516652,46049040,60,73,21,70,17600,3832
590,621,2033978029,4615602,55162480,31,82,44,83,12467,2099
658,686,2038611613,7460779,64920200,34,76,81,53,11653,2836
265,475,2001754876,13538827,46922960,71,18,14,18,36411,7999
356,535,2028984561,18256786,68683672,99,54,54,55,41474,11718
411,441,1969748012,1184118,47554152,84,72,0,72,18158,312
505,565,2154124610,20795921,43456528,231,30,28,29,53558,4796
530,596,2119868643,22745503,52738192,58,37,63,34,18413,9365
592,623,2060000082,6438534,68836440,184,55,45,55,27968,2449
350,410,1955242413,13715110,47441584,73,71,3,71,18591,2685
415,534,2003517174,14197128,66298696,65,69,71,69,37539,7555
505,596,2092620817,20632846,57351648,196,16,13,17,46033,7678
506,535,1974144792,5986199,66921928,52,72,44,74,12638,1875
535,595,2093220699,47975405,57580824,188,89,127,76,52420,6076
537,598,1956327312,17925250,39542848,59,73,8,73,18333,3439
561,594,2123257808,30951134,51661160,69,78,55,79,19327,6184
561,680,2126797543,11521016,40746896,55,78,66,24,19233,8027
595,657,2067643249,15286880,60578736,49,90,68,42,19383,5805
718,748,2032771606,5913455,51155384,113,64,10,60,16112,1055
719,748,2047937561,12594216,40648808,91,72,18,73,16171,2278
386,533,2001974639,18345372,54286104,64,33,37,33,30084,7982
437,498,1966358241,10356485,40628568,163,23,22,24,28482,5170
530,559,2150589859,9293180,57750528,68,70,47,68,17915,1951
553,584,1984028532,3865760,39696448,51,70,72,58,22103,1850
563,626,2091544527,15390514,56487744,119,15,6,15,18383,5560
355,475,2141669954,32887237,41654216,93,46,12,45,28252,8118
502,533,1979158892,8930972,60675504,82,69,44,60,15198,1835
560,621,2126473326,17265475,51410888,54,69,16,69,15228,4591
386,534,1977055221,9160291,43035344,61,55,59,56,34772,8454
441,501,1940945274,19182647,55362744,102,69,1,69,20046,3220
445,504,1964846499,10790381,39033160,78,31,22,30,28004,3911
535,628,2097373979,40703119,53029912,78,50,57,59,25690,7329
558,590,2026264632,39090608,41962576,112,95,55,59,30994,6041
748,778,1991394859,1468719,40143424,120,56,4,55,18532,384
437,468,2005857028,26833925,60910848,238,46,33,46,42126,4829
499,533,1994584953,7844733,45702192,93,15,21,16,18311,5842
534,628,2064062550,21847076,54723248,41,64,106,108,18029,7946
568,599,1963413017,4130241,46082184,45,64,24,64,14061,1485
592,624,2082631026,27753422,59752008,114,64,24,64,21931,4175
595,628,2131632926,31835817,50483392,138,64,69,31,35421,7998
622,651,2019836883,5719181,57537536,55,43,27,43,9600,1583
689,718,1988659682,7820164,51383296,79,60,14,58,19375,2080
501,560,2044958517,25161314,38181280,51,80,72,78,15627,3548
502,563,2120445185,16527699,47441072,38,67,84,68,10918,3008
534,595,2111623221,101458475,43034016,155,110,97,108,39578,9218
535,596,2070038821,36437978,48775648,199,59,89,59,50573,5804
558,591,1993957231,20510111,60645872,62,69,72,51,19594,4967
595,627,2170451098,36439152,52300632,316,9,6,8,55287,7322
627,687,2037862332,20292304,59795808,42,64,61,63,13809,3399
415,533,2141569744,29052603,51577200,69,42,38,42,32431,7447
529,560,2132360795,30161521,58965624,307,67,42,56,44375,7432
562,592,2167201769,15172198,51117344,548,56,48,11,69632,1533
562,623,2050699125,20959977,42563152,133,72,58,74,25311,5662
565,658,2004953746,10006622,51801680,53,48,86,50,19386,4674
599,629,1962328028,3667337,48677992,58,68,0,68,11158,1157
716,747,2041740474,4835660,57454728,54,36,38,30,8587,1228
717,746,1998982971,2377861,43048848,19,66,32,61,8152,1326
620,651,2039960780,4111032,50639840,44,65,7,65,12073,1646
651,683,2032746466,19413999,42276000,167,23,12,24,23789,3559
741,775,1991921989,16026433,57826472,133,17,17,21,21520,6381
324,505,2061333004,15249568,44586856,58,25,25,18,17068,7689
356,534,2014459297,8475138,42679176,59,52,55,53,34205,9603
500,532,1995553639,7546842,51463016,68,48,42,28,15630,3592
504,533,2094164939,101470293,47272456,257,99,98,87,56440,3696
534,597,2146918803,38541869,60809712,72,56,59,65,22367,7706
554,584,2030413637,3374185,40341456,212,63,5,62,41988,599
593,656,2125349622,28940548,53864992,64,71,14,62,18055,6032
613,650,2003713460,7916001,63971824,113,1,1,2,24809,10106
614,646,1988637007,23522883,58984856,233,13,18,14,45107,4752
326,505,2022093728,18752892,55091448,111,12,24,18,43676,9132
352,382,1909964188,460637,62651888,54,60,60,0,14691,228
411,471,1962273309,11834384,48923360,72,60,2,60,16242,2494
469,499,1986577712,1392186,60015584,100,63,0,63,17959,359
476,506,1982301853,1707602,46474192,60,64,3,64,12788,326
502,531,2006263651,13342342,57300256,124,28,29,22,21873,1453
529,561,2123684781,123808598,62637184,293,70,74,70,45594,9163
534,560,2079904202,13772886,52427472,61,36,18,39,20765,5336
563,591,2105074433,3347372,56161152,62,40,40,38,14315,2035
680,684,2054692797,11891129,64529640,41,56,21,54,13844,5044
687,746,2017005930,3844867,44082224,16,52,61,44,7379,2301
295,386,1952278962,4731820,61702144,77,12,12,12,37788,2929
324,445,1960135262,24408685,49071592,57,38,39,31,19135,6060
415,505,2111199234,86165671,67553136,240,51,56,51,73536,8829
416,534,1991215845,13582093,61911224,63,58,60,58,35539,7649
472,562,1994911618,27184736,47513968,48,63,10,63,12397,4077
498,531,2051098434,8459245,58286616,118,17,17,18,22630,5104
499,534,2008317083,12522020,65839632,55,38,46,38,16600,6512
529,534,2046642876,22085322,54048608,67,40,51,40,18811,7019
529,562,2073730236,75980437,48521048,128,58,56,58,24822,8105
532,596,2043698655,26958650,62825968,87,39,68,41,22903,8553
533,628,2001198745,16498585,49931392,41,44,74,73,15683,7198
561,622,2104044224,8464692,55506992,34,49,19,48,10715,3121
563,595,2107612609,46523320,64997456,175,58,15,58,29679,5435
597,656,2039821895,16197068,52470040,87,63,60,62,18515,3787
355,445,2003137324,21306954,64172008,89,53,15,46,28553,6241
434,499,1968434134,18621702,53460400,43,58,58,65,19051,7318
435,498,1968295838,18575311,62528144,58,58,59,57,20803,5505
499,593,2047985625,24392911,53296960,56,54,51,54,16043,7534
535,627,2110687267,33943099,52797216,153,39,65,38,39228,8062
597,658,2042685119,12324927,64122744,58,48,43,48,20153,2635
612,646,2001635750,14763265,56351344,122,7,9,7,27543,5933
623,653,2058755474,9284178,52415688,163,38,23,17,21985,939
625,687,2041253175,25281948,64511088,101,53,8,49,17041,5111
651,681,2067521712,3302305,50119120,220,56,1,55,30167,626
470,562,1985469793,6951252,55408064,15,58,61,58,9823,4514
472,533,1993505744,25044659,64853296,62,59,36,60,13278,3525
479,537,1987785932,3112930,62723488,134,5,5,8,24334,3110
499,562,2041758191,55681120,56638856,119,57,43,57,24614,8700
529,593,2008249377,16870397,65331376,58,59,59,60,16701,7359
561,623,2134935258,21351915,60591912,131,63,52,63,24363,6200
626,687,2078110637,26901153,52022656,189,28,27,16,21118,5880
678,710,2015233515,13846008,60713672,62,47,31,50,14232,2278
686,717,2071230557,12372011,62215288,72,52,29,48,12294,1543
434,498,1975532715,35043867,49551224,54,54,49,55,19820,6734
474,505,1984798385,6174435,57489288,92,19,14,18,12579,1145
500,533,2010732095,11168800,64665152,53,38,41,24,13131,4091
505,536,2083360195,8060845,55523752,35,58,35,59,11308,1872
522,556,2006960006,5557423,53752096,181,4,4,4,36211,8349
533,560,2086725543,13291966,67345904,50,64,38,50,23776,4979
565,627,2061949327,14634483,57460840,302,11,11,1,54217,7797
567,599,1988223349,6355725,68048744,37,49,9,49,12018,2343
628,659,2021877162,6881196,67803600,70,57,23,67,18088,2179
681,686,2055533462,17135104,57821952,29,46,35,37,11975,5861
265,445,1959525475,11527685,55795944,72,18,14,18,37078,6827
326,535,1986329658,6566910,70515720,37,35,39,39,24995,6480
505,597,2099272727,24077335,69953408,152,27,11,25,38140,9027
560,651,2170796330,10375453,56283608,29,53,25,54,10336,4156
561,710,2147802128,14698039,69507880,37,50,20,45,13604,6362
562,656,2125518178,28080076,59097512,43,54,18,53,14382,6266
589,620,1977339958,3972729,67029864,34,59,3,59,10558,1150
592,622,2170581445,3564932,62190528,88,59,2,59,16779,800
624,686,2040564992,16624006,53114504,63,46,4,44,13779,3393
656,685,2108003382,32100444,67101280,150,34,21,30,16751,2976
679,710,2028803852,3842104,58149512,57,60,39,45,14500,1418
323,475,1972532194,11300617,64571576,25,52,56,34,15856,7188
325,533,2063214776,11908591,56025728,30,44,45,58,25033,8779
326,416,1989001748,4540561,60134224,115,7,10,6,44862,3724
435,499,1977849691,7202994,68822688,47,63,63,16,20126,6329
467,499,2041914460,13342520,68269392,158,129,117,43,40448,6369
475,531,2063429148,10793285,63583600,68,19,17,23,23787,5585
658,718,1991334282,10258767,54102896,26,57,29,62,8559,2718
687,747,1995018123,3177854,58880632,6,59,60,58,7181,2089
469,530,1971781581,18522568,66961480,51,56,26,56,13388,3129
473,533,1982116891,33631332,60139800,112,52,6,52,17825,3696
498,529,2055116985,13711851,73916384,390,10,3,10,54638,6717
529,559,2007487888,1436431,62988032,43,59,10,57,9943,583
557,590,1966589563,25731269,57579664,98,54,44,48,25822,6671
620,681,2118326453,10260649,65305704,33,55,42,54,12470,3509
647,651,1998532356,5846683,57386496,115,7,6,7,21877,5683
688,747,2004460444,5974833,63446976,33,48,52,38,8881,2134
706,736,1931144300,470595,55079552,39,59,16,47,9863,202
746,774,2030349650,4530288,68513384,54,54,56,55,10442,2421
117,176,2011553631,727771,60800672,79,2,2,2,41577,1809
324,475,1973001450,22593631,68931256,61,35,35,33,19254,7514
355,505,1996931338,21488992,64714176,87,31,15,23,24144,8696
470,501,2036668793,4724959,70572680,29,54,18,53,10239,1471
473,505,1985819451,6436889,61240144,65,31,28,14,11583,2484
501,530,2018556779,20427936,61783808,167,56,49,56,25691,2430
501,532,2012910183,8746163,75455568,82,48,19,47,22187,1834
501,563,1991861988,22553024,67976296,70,54,45,57,15281,5397
530,627,2127940694,10315203,74478040,27,41,57,35,13819,8078
558,589,1998803847,3703026,63861408,36,47,23,47,10878,956
559,590,2042084349,24662021,62356464,174,57,43,41,32505,3620
596,657,2079335380,7574201,64180424,17,53,51,52,9837,2683
197,204,1899344884,3451397,72971912,64,7,8,7,29241,5868
295,415,2006713034,16337181,75881912,75,23,17,24,39431,5258
324,415,1937482055,16911913,66179728,57,38,40,31,19063,5229
325,534,2005239726,7291774,62710392,30,53,56,72,27879,8978
355,415,1975464498,13797304,75074064,96,49,9,48,29264,5020
445,531,1993976658,7104153,69905016,67,11,8,11,22498,5964
500,534,2009366216,5071227,74786632,26,37,40,44,9913,3773
536,597,1996812023,21481940,66926096,52,52,8,46,11627,3305
561,625,2120076208,28276047,74406288,43,59,44,61,15073,6478
562,655,2057855267,36757893,67737256,51,52,13,50,14115,5668
677,710,1967659183,26015845,75875904,50,45,25,48,13877,3582
679,711,2003854671,18787394,69726336,115,49,24,35,24616,4305
323,445,1966433806,13003949,60261760,43,33,36,31,15737,6010
325,565,2002557538,5084699,68386552,46,27,31,26,20190,7908
416,565,1997343138,2941816,63604048,102,4,3,3,26649,6886
499,561,2155985602,117503920,42032664,268,63,56,63,43226,10451
500,593,1943042553,5600092,33587904,14,51,36,61,8463,4018
502,530,1991568327,4840769,39774288,45,38,37,27,11627,2200
505,628,2026026212,15243593,36127248,77,25,24,27,22708,7286
530,558,2131409396,3066163,47186808,17,50,30,51,10455,2219
530,597,2146208308,6798310,38729728,28,38,46,17,13658,7710
533,597,2102053699,18215779,50122992,72,36,45,40,19967,7503
562,595,2090373228,21363761,43633728,58,60,39,60,16036,5462
611,646,1970400258,6692593,36746392,99,6,8,8,23926,6370
621,652,2075428313,3212008,42284392,14,51,22,52,6771,1445
646,651,1999050503,4301085,34442768,98,8,7,7,19966,6426
647,680,1968141713,7003903,40619368,42,35,10,34,12094,3129
650,682,2094579878,13426246,37144472,79,87,59,34,24071,4479
652,681,2006717749,1703500,45288192,19,46,13,46,6860,1374
295,505,1990907766,11977318,47323216,73,17,14,17,36048,8038
320,350,1956583423,559815,40167616,61,50,0,50,14923,222
325,596,2051661540,7734731,47975272,37,31,36,29,19250,8583
356,531,2189105720,3765520,42207312,53,7,12,9,19682,7247
381,411,2000673942,578907,50016632,53,53,1,53,12707,227
478,508,1917669976,1558110,40601280,37,55,45,43,14324,812
498,593,1943745819,7806570,46135008,34,35,34,35,10913,5716
505,531,2078058194,13775300,42847992,184,12,14,12,39743,8624
521,558,1953547353,10490579,37928032,85,6,10,6,20433,8159
533,594,2038436943,4729141,47690280,27,52,49,53,8825,2489
550,554,1916814787,12562606,37777160,47,34,35,34,17330,4124
560,589,2090748514,4908873,43322672,47,28,9,27,6922,1226
560,681,2090928840,12973139,49179744,22,51,37,53,11618,5265
656,684,2044186933,7186142,40043928,41,45,51,47,8639,2567
235,415,1987074842,5251234,39534720,51,8,9,9,27852,4846
356,596,2004097452,3314796,49300720,80,8,10,4,23462,9329
356,627,2002815405,2848803,38647496,60,6,9,5,17926,8256
504,531,2082912361,18403919,48085344,198,17,19,8,41373,7455
504,560,2009683524,8764430,39492032,66,15,18,19,18343,4856
531,596,2071810634,25308029,50880712,83,30,54,33,21164,9343
535,564,2115528265,13676043,39079208,242,21,5,21,27664,2632
595,623,2104141201,8246204,51776712,84,32,16,24,14144,3530
595,687,2067420438,19303471,42549184,32,68,60,45,15289,5508
623,682,2014957417,5361443,52962064,111,10,8,5,14229,3540
656,718,2064246246,6583709,44719560,26,50,18,51,9188,2503
687,715,2029226810,1896165,48956472,7,45,54,45,5404,1776
740,774,2092277394,17291631,52663648,148,13,15,18,22929,6922
57,116,1950261118,1106593,43546472,88,3,3,1,43238,2095
356,533,1988098751,11292197,57078528,61,33,38,35,29803,9042
413,443,1939815353,426714,49599560,49,47,0,47,11696,192
415,532,2041337438,6655305,45883312,66,10,10,11,23476,5927
415,597,2011222196,2255004,54070920,66,5,6,5,18499,6455
468,529,2056114878,7155086,59290176,282,7,9,7,41061,7830
475,502,2086506352,10631382,48173816,35,29,7,29,15696,3602
476,505,1967563249,2898281,53522872,14,46,19,46,6282,1339
532,597,2067146762,12300114,45974016,70,21,33,24,17563,7780
596,623,2085771638,6873658,52587160,38,51,36,51,12352,4112
645,649,2040630776,13873667,53594064,166,18,18,18,36090,8268
748,777,2093175129,5004090,55688152,83,40,4,40,14207,2080
57,146,2027796067,577629,59551376,76,2,2,2,40857,2263
295,445,2044740723,19306533,60525632,74,22,16,22,38218,5932
295,475,2037518342,24217668,47531016,73,22,16,22,37551,7212
326,534,2001105384,7310871,60123344,42,30,34,31,26316,7273
375,434,1947051225,3137236,55659696,78,22,22,24,21535,2585
386,532,2058761721,5656988,50846640,62,7,12,9,22161,6412
439,469,1993582328,2979232,48469688,147,45,0,45,21204,442
470,531,2025178929,29969278,57293088,89,45,28,45,17437,4412
471,505,2004936012,9734794,62331448,29,39,30,16,9782,4068
475,532,2064205929,18301763,59879688,74,27,26,30,26914,5072
557,591,2013210405,18396367,55178120,47,53,55,39,16726,5271
558,588,2002004263,1362174,47939920,95,47,3,47,13795,368
560,623,2107704058,28560601,58324040,93,56,53,56,20165,7531
590,681,2002503647,9197027,47565560,28,46,41,46,11029,4151
596,687,2122993512,4499178,51978416,10,47,54,48,9854,2853
612,645,1979503880,10362709,49056448,130,7,9,8,28594,4398
618,648,1969347287,840624,57873632,51,50,0,50,8688,202
659,688,2032272089,23467181,59327944,115,63,9,65,27287,2389
686,715,2102983824,5348787,56590544,35,34,30,26,6360,1549
323,415,1949525947,13288720,63199064,34,41,47,33,15533,5250
386,565,2014201949,5472191,57645160,96,8,9,4,26367,7805
470,533,2001145821,16789285,63605824,37,39,32,39,11561,4779
498,533,2011936636,6683904,52432992,57,14,19,12,12695,4783
504,565,2028621576,9984497,50764216,115,12,9,12,23251,3330
505,627,2068318107,18539045,51927736,147,13,13,13,35392,8851
535,626,2130045421,17283734,58549216,37,39,49,46,13611,4314
556,589,2012257884,3456070,62641696,11,48,21,48,9463,2527
561,590,2147307182,11448222,52609528,272,51,45,22,38818,4465
561,591,2259967310,13352312,29877328,254,56,6,54,33538,1367
562,651,2057579506,12666287,37436224,37,48,27,45,11206,3539
567,626,2008235298,12557106,28359768,33,51,20,51,9391,2994
626,686,2062271611,11114031,35287040,38,33,36,25,7714,3060
674,678,2074389145,41352343,31259176,110,39,7,39,27153,6843
770,774,2061312722,5911341,38058120,28,32,30,31,9226,3418
235,505,1989698939,4497539,31503112,50,4,5,5,25247,6299
265,505,2024544956,18914049,29579384,71,14,12,14,35119,8789
356,565,1989810670,6979834,40654864,95,5,5,3,25840,8837
386,597,1975604727,3786500,48497456,61,7,9,4,18009,7333
437,467,2077089457,3256707,34222176,389,44,0,44,60253,867
439,470,1951931064,1524490,39225952,26,45,23,45,8180,951
441,561,1958486708,14098028,46459592,56,47,28,46,13939,5361
498,534,1966828236,7090139,51459896,31,28,39,28,11149,4914
505,560,2070916597,12633351,36326880,64,19,24,22,19000,5696
506,534,1943670751,3343322,41331144,17,46,37,50,6190,2096
523,560,1948800059,8207767,49114144,53,27,30,20,18375,7724
531,594,2069840681,16483801,59108736,67,46,39,47,15621,5058
534,561,2061433938,5972434,38139488,22,44,11,40,11933,3338
535,562,2039270679,4397765,43510464,30,36,24,36,9802,2881
536,598,1987634809,10554799,52238960,47,46,7,46,10128,2969
556,590,2009105041,30046015,61628312,83,45,40,51,23627,7537
561,595,2105193460,8365628,36142544,16,58,60,60,11346,5068
561,620,2150711661,14471708,61658080,189,42,37,22,30684,7033
567,625,1956931234,8484682,33575896,38,33,8,33,9902,2500
593,626,2050291587,9702511,44148712,48,42,34,43,12561,4307
597,655,1983683531,17105904,51419096,50,57,6,57,13078,4033
628,687,1952798714,5633844,56713704,46,29,23,27,10256,2136
654,685,2016612294,6956944,43867760,80,38,9,38,13921,2299
680,740,2139798682,10481553,47517960,59,46,6,46,13453,2547
685,717,2013861844,2868492,55202592,19,39,35,42,7047,1590
235,445,1987556824,3083532,35479128,51,6,6,7,26639,5098
323,505,1937687422,8436337,41143328,29,35,42,21,13701,6887
326,445,2007160295,14593429,34380888,113,18,24,20,46142,6115
381,441,1943710282,5023836,41189728,43,42,3,42,10946,1656
468,533,1969567829,6525756,45519536,35,21,24,23,10523,4623
470,505,1974126169,5851963,50469960,15,48,35,26,10464,4938
472,563,1953926258,5525712,56051968,31,35,49,35,7369,2822
530,594,2083308841,6667895,61618168,15,47,32,50,9240,4087
537,597,1975948623,10458659,34079872,27,51,6,51,10685,2516
561,621,2178218071,36151421,34173248,173,41,10,41,25044,5039
563,592,2139002239,7583365,40707552,218,11,7,9,28755,2708
594,687,2036187454,25317703,47758424,51,36,6,36,11628,4513
626,684,2048146035,6933322,53046880,23,43,3,43,7243,2796
644,650,1978918562,3974925,61270048,88,3,2,3,18171,6694
652,685,2008621179,4825101,36810144,53,19,13,12,10958,2940
684,715,2004774430,2270612,46053536,58,26,19,18,9547,1127
688,716,1939480098,3536474,52397488,24,44,43,40,8736,1873
708,738,1939625762,478475,59320368,45,39,11,28,9798,219
710,769,2154954699,4935490,53973752,50,24,11,22,10054,2338
766,796,1966744800,1111188,36456072,51,67,49,22,19879,351
169,234,1903055028,2781920,42022536,37,8,14,8,17948,3032
235,475,2027281219,5775850,54806784,50,6,6,7,25972,5800
265,386,2016392206,9068309,45680552,75,10,10,10,37013,4057
324,386,2012380117,3444709,52223272,69,7,11,6,15571,2471
326,475,2044124885,19221586,45420336,110,19,33,26,45411,7842
356,597,1998850656,2548339,52924928,60,5,8,4,17568,7842
386,531,1990110431,3113288,34559128,55,6,11,7,19623,6471
475,530,2047957380,13057355,43472128,32,26,41,42,15386,4876
475,565,2041500373,11260883,56581832,118,16,16,17,30386,4278
478,537,1926772752,2012210,36684312,23,49,49,34,10010,2318
502,561,1984044632,10034284,44404104,52,45,24,45,13702,2627
557,589,1965384341,3011066,48512904,20,44,15,44,9335,1738
588,618,1967469063,549728,33840952,63,45,0,45,9987,216
588,620,1974309882,6410472,39387672,27,43,6,43,8464,1946
592,621,2087818658,3895672,55979392,74,30,3,29,12738,1253
594,655,2052061911,8865094,42022848,106,14,7,14,14651,3263
596,624,2071692853,8671915,50409072,59,49,47,48,13416,2665
596,629,2091775639,3591271,32546128,13,42,32,58,8003,2183
598,629,2005414106,15086921,44614584,89,49,2,49,13797,1924
612,647,1930017060,8551749,52820064,98,2,3,4,21850,6006
620,624,2078417802,10065257,35992400,26,46,50,37,10879,3986
623,655,2008357950,14648383,44964696,69,37,22,37,12453,2624
646,676,2013662170,1387230,52990312,21,41,19,41,7786,802
651,685,2033778116,7014602,35976896,52,15,6,15,11056,3440
685,715,2035872051,1955277,46602232,104,49,42,8,14718,419
689,717,2005355716,7338376,32440016,80,30,22,27,16888,2591
689,719,1994033829,1368401,44630360,41,44,7,44,7285,629
709,740,1969611990,1267651,49141952,18,40,26,37,7086,1116
710,714,2066481846,15837139,33700928,53,38,44,40,14019,4717
717,748,2007095359,2444086,42954320,58,21,19,19,7486,851
320,380,1951567331,5465146,51330384,54,41,1,41,12649,1690
324,535,1957828100,6337805,35346088,39,20,22,20,12877,6419
375,435,2052846494,612485,42836272,77,2,2,2,17444,2720
416,532,2046693506,3620322,32490560,64,8,11,11,22641,5969
416,595,1977118074,6690518,40866880,90,8,8,7,25188,8011
442,473,1944994483,904684,45722208,9,42,10,43,5634,837
470,532,2002628864,10879512,52329456,52,33,27,34,12190,4181
470,560,2007354007,6573824,36460024,49,45,49,45,11153,3590
470,561,2002716822,17800141,43514200,43,57,43,57,12703,4757
471,531,2024503340,21340236,35644448,157,39,4,39,24535,3813
532,561,2106804872,8337036,51524256,102,39,6,39,19017,1700
532,627,2103441247,14034576,39977568,69,19,36,33,17033,7748
536,566,2012270268,216808,33451480,110,18,17,1,13175,257
536,596,1983358794,4141756,38742616,11,44,26,46,6494,2236
537,599,1981787740,6500902,47999704,37,33,8,33,10657,2435
548,554,1935227756,7117661,53294544,36,29,25,29,14886,5149
564,595,2108526677,21537146,41430416,228,43,3,41,30642,4509
610,646,1958873512,3128813,49363424,82,4,5,5,20554,6377
650,740,2164808785,2842110,53853232,12,41,35,42,8136,2501
657,686,2157312073,13393021,56634752,137,27,32,20,14915,2792
676,712,1949816290,12963675,39407376,58,13,7,13,13510,5425
678,711,1963898989,20626023,49474224,93,53,28,37,22916,5705
682,686,2002392429,6914356,35690760,31,40,21,36,10923,3667
710,740,2179157311,11883407,63998160,182,45,1,45,27530,1472
718,746,1979852003,1533438,54775192,4,48,32,50,4706,1849
117,205,2071866810,959409,30349000,77,3,4,2,41258,2989
265,535,1980482366,6645039,41522352,21,29,29,32,20112,5997
295,535,2008727256,7289755,37379168,22,32,31,36,20808,5720
325,627,1984096798,5111402,43412800,28,23,27,23,14524,7350
449,567,1952436319,1644561,51967728,27,24,25,8,12239,2538
470,534,2006045649,8228877,27326552,18,31,34,35,7965,3837
472,503,1994426742,2973756,31351952,25,38,26,40,6921,1128
473,562,1999081522,3337651,34877640,15,41,36,38,6864,2694
475,501,2033121365,7519594,39905072,34,23,13,32,14251,3715
500,563,1996505661,3572714,43937760,9,46,44,62,7409,3242
529,533,2005899824,8460754,28915280,102,21,28,16,20597,6085
531,597,2075160610,11386219,37785160,67,17,25,18,16621,8481
531,625,2080822007,16843527,44685080,42,42,36,44,12748,5483
533,559,2064315634,4681173,52071664,23,29,33,29,11518,3048
534,566,2058938588,2608361,37640216,15,50,26,52,8489,2207
536,565,1999235697,4052238,50646256,118,45,41,44,16421,2700
549,554,1939172321,5939043,31956816,39,27,28,27,14622,4300
567,595,2017811961,7439092,39982168,59,15,7,15,10498,1912
592,655,2075266409,22625604,48012864,54,39,11,38,12140,4249
597,657,2004381000,6061248,33908352,26,50,34,50,10242,2868
613,680,2010560964,16784448,40371352,29,38,39,36,14366,6718
622,653,2023776580,4412779,46835304,75,29,29,27,11962,1184
623,686,2003421844,4829569,28316096,55,14,12,11,8599,2892
648,682,1972338375,6689753,33275544,36,33,29,13,12239,3822
676,707,1999230280,2490087,38245896,24,44,25,44,9026,949
676,709,1991844439,14516126,44561720,37,36,23,35,11148,2833
677,708,1962038229,3046459,49499376,17,44,20,42,8516,1219
677,709,1998922471,10215190,34880984,57,41,25,40,13519,2556
681,715,2147767782,32047165,32113840,147,33,8,28,27923,9728
681,716,2075312094,35020212,46667760,112,29,13,20,22780,9632
686,718,2027977586,3552861,35404624,37,30,16,32,6799,1626
717,747,2000507273,4623428,30552600,229,19,22,11,22320,725
205,265,2001108534,1023118,48176536,54,8,7,9,28021,1028
265,533,1923453153,3501546,34717576,28,17,22,19,19040,6198
324,355,1967814384,7206612,28812144,207,2,2,1,37467,2186
355,535,1970660729,13652970,35865224,51,29,25,31,16800,7254
439,471,1927600897,3872672,39391728,19,36,19,36,6798,1619
443,533,1955667657,6048503,45120200,32,39,16,39,8534,2750
472,505,1984630200,8249961,27653848,39,44,39,22,10547,3524
508,536,1951010032,2516271,32070872,22,40,23,28,7131,1808
530,590,2139151515,18886928,46616064,206,35,33,36,29451,4819
534,567,2057269384,5197003,28626096,13,44,40,53,7347,2602
556,588,1953877416,2788211,32592968,8,44,25,44,6791,1665
561,655,2119617257,19953240,39642064,34,48,8,48,12044,5524
563,656,2061810223,37678859,29393784,84,48,7,46,18405,6723
564,626,2065892017,9409928,48783256,48,42,21,45,10605,3581
592,625,2046569649,13255565,33960504,53,42,36,42,13428,4138
593,686,2062111919,17769946,42331496,46,42,6,40,11905,4752
612,648,1952330479,5751830,28499816,89,2,4,4,20417,6764
658,717,2015399302,5459869,35558392,23,41,27,43,7001,2571
685,716,2014665625,4556983,47020128,57,43,10,42,9936,1403
714,747,2009119894,2423813,28675592,7,38,26,40,5628,1991
740,775,2063935972,10819000,40578032,101,15,14,17,17425,6659
741,746,1998359053,5770077,45865336,15,37,33,38,7539,4028
765,796,1971810552,2118268,33899808,70,14,10,10,16177,1309
789,822,1937096612,1239507,41825384,57,7,7,4,23973,1906
817,822,1936728461,3372955,49755280,58,3,4,3,23502,3779
146,205,2003975042,568308,32090176,83,1,1,0,42132,1438
169,265,1958871991,2564919,38702512,35,7,9,6,17119,3584
169,295,1922352842,1724015,45319896,37,4,7,4,16875,3921
170,235,1945656833,2216917,33412848,19,23,27,24,16585,2673
198,234,1948190415,3113174,38259416,34,8,11,8,16731,3366
202,326,1907641481,2843745,44864568,43,3,3,4,17899,3488
326,533,1963380073,11514621,33003712,41,20,27,21,22653,6694
413,473,1944739422,6313324,38300552,43,37,4,36,10058,1448
415,627,1981037748,4225353,46227792,67,5,6,6,18857,6873
434,529,1929811527,20715144,52833120,41,36,36,36,15837,6826
434,530,1979793051,21480826,38123912,40,36,35,36,16163,7445
469,500,1947693806,2501097,42092656,22,39,4,39,7031,1042
478,567,1956892726,3127473,48271312,13,51,50,48,9139,2972
503,531,1996301495,3200822,52681360,15,38,38,37,6794,1211
507,536,1961620112,2354313,36358232,32,39,10,39,7848,1425
508,535,1942514873,1884897,39443672,6,38,31,39,6098,2148
530,623,2118559958,11096453,48692320,91,39,42,39,17702,6876
534,562,2028819215,14039355,36250592,111,33,3,33,19157,3499
534,591,2060240579,5306146,46829272,40,25,14,24,10772,2759
535,592,2028336312,4500393,32921312,29,36,21,36,9186,3042
557,588,1939712511,890515,36450240,9,47,42,32,6454,932
590,651,1991123164,5170916,40854336,32,43,29,45,8310,2445
597,687,2000467299,3869391,45272016,12,47,43,51,9868,2810
598,628,1959732162,11572429,34759592,99,35,0,35,13287,1329
621,653,2057575987,4697644,40924048,53,12,7,10,8532,1712
621,681,2088540140,16131094,35715176,156,28,9,26,20467,3329
647,677,1952307291,443706,42331640,39,38,1,38,8028,226
652,684,1975759022,14393459,54671520,136,22,11,22,20165,4030
659,687,1938441711,8694803,39212064,94,26,11,27,11884,2910
713,717,1976062425,4902009,48027264,41,15,23,19,8423,2847
715,747,1970003004,1755699,52876536,8,39,36,44,5622,1382
165,198,1905060824,2117462,41062448,26,20,20,25,18814,1415
167,234,1908828163,3597601,45920952,33,7,12,8,16329,3908
169,235,1940455809,2502244,53854456,19,22,26,23,16307,3155
169,326,1943555319,2081593,38038320,34,6,11,6,16480,4614
323,416,1932781213,3545081,43320152,48,9,11,8,12290,3555
325,504,1974809692,4471071,48612472,30,22,23,25,18246,5280
356,504,1985938482,5038212,33495360,62,8,11,10,22518,5597
416,531,1995503835,3158924,44070400,57,7,10,9,20103,6147
467,498,2056496100,10422624,47901128,277,35,6,32,42681,3651
469,531,1965084067,1968930,51177040,6,37,32,46,5696,2187
471,560,1998046272,7599090,57318296,33,42,37,42,9310,2926
471,562,2005021274,22752735,44131240,100,34,18,34,16661,5463
476,536,1941865903,3495092,48223680,27,40,5,39,7066,1572
507,535,1926439762,1678148,51495368,6,41,28,50,5836,1786
535,656,2095444024,10109440,35913032,31,24,30,25,9770,3514
536,564,1961054679,2781788,44105600,98,39,39,39,13280,2999
551,584,1932367389,2099319,48614560,33,25,21,9,10704,2356
556,591,2029167930,11069108,36254696,46,34,42,34,14338,5385
561,652,2100442146,6985435,40755344,26,34,19,33,8401,3315
562,686,2054896209,11708066,46075536,26,34,12,34,8900,4793
562,687,2047093940,7504526,50573608,16,33,8,33,7992,4293
595,622,2058197551,11539668,37613944,44,29,5,29,10236,3366
596,659,2030778320,3074149,46218048,20,39,39,56,12302,2417
621,625,2060835524,11412305,53169616,21,38,17,36,9425,4020
622,681,2025300627,5318313,39533240,17,37,15,36,6005,1931
625,653,2026215857,7647286,47305624,37,38,1,38,8085,2137
626,654,2075287584,23299766,35544320,86,34,3,34,11429,3323
657,717,2025563039,4392284,39638808,19,29,33,28,5350,1616
676,710,1967700886,13448415,46181072,35,35,22,37,11202,3481
677,711,1998305832,42335259,54768560,75,45,22,34,20483,6568
686,746,2086789121,5107460,47740432,49,33,42,25,8593,1937
687,775,2006031886,1820616,51433272,7,35,55,38,5447,2399
688,717,2036989634,14588758,47601408,182,29,22,29,25965,1659
28,116,1982670222,544789,48424128,72,1,1,1,39352,2803
166,203,1933494655,1738358,57000008,51,1,2,1,22195,4281
201,235,1918954313,1739452,39244432,19,25,26,27,15509,2169
295,533,1958306592,4469672,48258416,29,19,23,22,19814,5969
325,597,1972425349,2996326,53981704,27,23,27,22,14166,6980
386,627,2190434214,2619506,41954032,60,9,11,5,18367,7743
409,439,1989579001,1079331,54231976,146,38,0,38,20702,368
411,501,1959733978,12474748,41145856,56,39,2,39,12176,3406
467,497,2023177757,1156945,39090336,176,34,1,33,23926,420
468,532,1981827844,7742234,44416264,44,21,24,22,11854,4367
468,562,1988229734,24059577,51782544,58,36,30,39,15202,7273
471,533,2051959301,3387926,55875456,14,37,13,37,7070,2692
473,502,1991257627,4891163,43266576,84,29,17,29,12775,1214
475,563,2029474242,9551657,49818960,43,37,31,38,12387,3752
498,562,1982727124,26449677,37816048,76,37,31,38,17227,7220
504,597,1993924025,12473415,47641240,73,27,32,28,18352,5756
522,554,1994152841,13881415,49219176,262,14,7,13,51162,4923
530,624,2127287349,16921689,56792800,55,36,22,35,13075,6014
530,625,2110702043,5361848,38858976,9,41,33,47,8190,4381
531,559,2068199537,3365960,47631528,25,36,34,36,11947,1860
554,643,1983640956,1940713,36346248,87,2,1,2,15783,3070
565,595,2125482243,25150778,66078784,500,25,1,24,80636,1864
596,622,2013634096,5662658,48180960,21,41,18,42,9447,3970
623,683,1984438073,5032760,55768048,45,26,5,25,7850,1892
624,656,2005477473,12308784,48622416,99,32,18,32,15741,3114
673,678,1900264104,8173138,53405632,19,31,21,33,9685,3133
674,679,1931266791,54695889,62973800,92,29,6,29,22597,7341
675,707,2026026001,2818690,47192416,20,37,20,36,8115,1680
707,737,1922431223,950604,54383264,41,39,0,39,8178,241
710,741,2092389730,2576093,61165624,14,33,22,34,6220,1215
817,821,1910507584,3605624,50564024,58,4,2,3,23805,3337
170,326,1918838295,2837999,57339096,34,6,11,7,16480,4092
198,204,1964285865,4172688,47143448,65,7,8,7,29458,4992
203,235,1950068081,2360640,56314576,22,28,29,29,17874,1085
265,416,2006583062,9618665,54485256,74,10,11,10,36462,5062
320,410,1951255893,12517407,60862496,44,35,1,35,11001,2697
322,445,1994935137,13095259,65642784,31,25,27,23,11876,5257
322,475,2339760457,9817777,48184176,31,24,27,23,11705,5958
326,532,2066719784,4163741,56963872,41,6,13,10,17705,5744
404,434,2028745025,1376942,51287640,101,37,1,37,27141,287
416,597,2006107387,5150840,59262832,66,5,5,5,18413,6951
416,627,2025344496,3640164,46032456,65,6,7,5,18649,7256
437,499,1986236212,20619364,59202760,137,40,37,40,27626,6630
445,530,2122732638,4871798,47603240,32,20,36,32,14641,5031
449,508,1928847359,2180478,58372152,45,15,17,15,16648,1254
476,534,1913209219,2175476,61561608,9,37,32,45,4731,2088
499,531,2052680770,14807822,59370632,171,34,28,35,31117,5034
529,535,1989638186,8023931,64566744,28,36,47,27,12655,5403
533,591,2046221108,8915205,51056560,41,30,15,30,11799,2600
535,567,2041621898,11550743,61021720,66,31,8,31,11591,2304
537,566,2012821635,3211790,52314520,71,34,4,33,15854,1465
547,553,1916283371,6359397,57104224,28,26,26,26,13132,4520
554,586,1975576282,5766476,61899760,44,24,7,24,10750,1790
560,594,2080350122,4565157,48010344,11,41,44,60,7670,3218
561,651,2101158395,21656765,59974752,112,33,17,34,17510,5496
590,739,1977110622,1155618,64758888,68,3,4,4,9896,4407
593,653,2066648411,4401316,47611656,27,36,18,37,7497,1814
596,658,2096524529,9591237,48082704,106,28,27,20,23254,3564
645,680,2016539442,10113034,54460432,35,23,9,23,10546,3985
646,677,1999088098,1731758,60839016,19,29,19,29,6328,1387
646,678,1989805277,2263834,45277992,15,36,13,36,6328,1782
648,652,1972273805,3771422,51661304,77,9,7,9,14824,4102
650,710,2174855749,15090880,54408960,167,37,26,34,27355,3899
675,709,1989627699,6589974,59988856,16,46,32,31,10017,3356
675,710,1943876562,14953726,65171576,27,34,21,35,10256,3934
735,765,1990618346,1047738,57517584,62,37,6,37,9980,265
766,797,2090070820,1451754,71080592,129,6,4,5,25350,585
198,203,1974106400,2268716,61319952,71,2,3,2,29708,4024
198,265,2080841057,2538991,67302560,32,5,6,4,15484,3607
198,295,2045396059,2364669,52993600,34,3,4,3,15484,4027
202,235,1963191067,3747399,60572472,20,27,32,28,17491,1701
205,419,2127791590,1779817,70133152,18,19,21,21,17190,3689
234,326,2043853653,2555346,56487848,41,16,15,15,20894,2116
235,386,2099834089,1800771,70848472,54,4,4,4,27915,3453
326,504,1977052767,2082333,55445792,43,5,11,7,17983,4509
326,531,1968768086,2081456,63413112,36,5,9,6,15562,5574
381,471,1951854140,6547649,68989872,36,34,2,34,9660,2508
386,530,2003247925,4518869,57892608,25,16,35,27,12540,5149
404,436,1972360073,3036327,67462176,96,10,15,13,21857,2867
416,530,1989529347,4759570,53815608,25,17,35,28,12760,4836
437,469,1982830505,6215602,60985152,53,31,21,32,12461,2753
439,499,1973554876,9438178,67762272,69,35,5,35,11972,1864
468,534,1991670613,7532452,71337720,18,26,35,29,8429,4227
489,521,2095281660,1747561,61161504,101,2,3,2,22200,3247
499,535,2149970303,7489397,65546008,24,28,37,22,10666,4643
501,533,2109276534,1961896,57677480,11,35,23,38,6457,1753
501,593,2066094834,17137205,65659608,70,31,17,31,13144,4945
502,534,1996621381,1997843,54039728,11,37,20,37,5190,1586
505,559,2033753876,5633419,60422816,21,19,28,20,9396,3319
505,626,2001676090,8855294,64808480,32,22,19,22,11367,3912
506,533,1968547231,3936352,67600208,10,37,32,48,5284,2188
530,564,2114516605,4417421,71190856,27,21,25,23,6810,2964
534,594,2051697947,3821267,54627232,25,31,28,31,6468,1932
558,592,1992604936,8358884,61801448,46,29,34,27,12307,4043
559,592,2003907170,8696051,70173296,60,26,27,26,13232,3500
560,622,2121704838,5690560,54705152,24,33,16,32,7890,2818
560,624,2106521167,29286435,62288072,59,41,34,46,14113,6365
564,592,2080161889,8666203,57718952,60,34,5,33,11760,2521
565,597,2052371201,12506661,63744288,207,18,3,17,44040,4813
590,594,2020112273,4772362,68132224,20,38,38,42,8784,3380
591,624,2052955629,3744328,71719584,19,31,28,31,6417,2204
596,656,2129378895,11329609,59831512,62,35,19,33,14233,2814
612,644,2021782969,6753288,69796264,69,28,27,23,20223,2903
621,680,2173039494,3604254,61487056,29,37,15,33,7502,2135
626,653,2025033449,7086624,66669280,19,34,5,34,6248,2531
744,774,1952128723,795483,23923432,52,39,0,39,8428,185
167,235,1965441586,4434165,30713120,15,21,22,22,14546,3875
197,202,1937391903,4657900,39080792,65,9,9,8,29945,4135
198,326,1988429388,1790886,27645232,33,3,4,3,15089,4632
201,326,2056431071,1740980,32030976,34,5,7,5,14917,3471
236,479,1989647986,1550341,41195080,33,3,4,3,16532,3801
267,479,2005731273,1590415,31293408,34,3,4,3,16711,3209
322,415,1958578671,10250808,36077416,30,26,27,23,11969,4690
325,532,2061064699,4216320,44447480,29,19,24,21,17822,6265
415,531,2000884862,5312459,33271704,61,5,6,6,20561,5968
435,529,1961639788,7875923,40449136,45,41,41,39,16935,6330
435,530,1965699841,8026996,29076232,44,42,42,41,17100,6764
469,501,1958671674,1918659,32665680,19,33,11,33,6123,1511
471,563,1998510854,8857788,39440176,47,35,27,35,10835,4811
472,534,1934456754,2918471,42629512,15,34,20,34,5697,2351
475,627,2052587994,4808294,30867880,75,6,5,5,20053,5511
499,529,2150838735,6055757,42673896,617,31,0,31,80208,1355
499,563,2035547653,9900520,31958528,23,37,37,37,9301,4366
531,627,2054003442,16150481,40559024,66,18,34,33,16469,8684
532,590,2039457867,2146654,44855840,9,33,42,33,7962,1964
554,560,2030316811,18256833,32545624,86,22,24,21,22880,8299
561,681,2080776762,21047005,41157576,61,29,5,30,12927,5432
563,621,2092795515,2100698,52340704,24,30,31,24,7578,1861
563,622,2107001342,7276880,39011264,38,32,6,31,9175,2011
599,659,1980995164,5870162,44257376,43,34,32,35,7259,2143
620,652,2069852543,5411932,48980032,21,37,14,38,7068,2124
627,688,2058004704,4806898,34216464,28,35,26,35,9429,2241
647,681,1964706691,2491990,37891624,11,34,21,34,7789,2536
649,681,1958648227,1639940,41562200,14,30,25,30,7491,1240
657,718,2021945075,3274006,48902224,37,44,42,35,8649,2145
675,706,1970830611,967442,52570728,10,36,16,38,6308,922
678,708,2017784542,879911,32225016,32,37,1,37,8285,497
682,711,2058139768,1364985,43551408,22,35,4,35,6127,986
684,714,2032473701,699665,54249048,65,34,1,33,8061,274
686,714,2062406835,1794199,61797232,20,22,23,18,4513,1500
710,715,2076838034,21230044,37248048,43,32,26,30,12193,5189
714,746,2084845588,3368811,44064240,25,38,17,34,6503,1825
737,767,1949668984,434561,49631568,37,35,1,34,6882,247
87,176,2029668545,916443,41654496,78,2,2,2,41323,2346
117,325,2063176992,2323311,53215968,48,2,2,2,24998,4777
165,199,1941961873,4792242,62934224,26,19,19,23,18684,1998
165,203,1948012031,3635119,38165464,25,10,11,10,15758,3354
165,204,1992210791,5594063,44694248,24,11,12,12,15758,3849
167,204,2056424944,5893900,55380992,60,11,12,8,29230,6183
167,265,1911244887,2104050,32741208,28,8,10,5,15256,4125
167,295,1947775464,1974861,38586600,32,4,6,4,15256,4534
169,325,1951696817,1565200,44446064,34,5,9,4,16100,4320
171,203,1950952650,3258378,56139528,67,12,12,4,31317,1846
171,235,2154369101,2126850,34672800,15,26,27,28,16203,2370
171,295,1915057192,1975672,41001808,28,10,12,6,15738,2884
199,234,1952904271,2252502,45604808,32,7,11,6,15913,2912
202,415,1928138539,1940284,51364192,28,10,17,12,15578,4617
202,445,1923372354,2292187,56541944,28,10,17,12,15578,4923
202,475,1929491951,2648286,33401296,28,10,18,13,15578,5448
205,298,1982067917,1161601,44149536,23,20,20,20,19859,1790
265,534,1959383303,3446964,54327896,28,24,27,27,21890,6682
295,534,1962707157,3311183,36878888,29,25,28,29,22299,6139
298,479,1904229161,851754,46316320,35,3,4,3,16845,2648
325,595,1959845378,4985055,52427704,39,29,33,27,19298,8440
356,530,1983919653,7074433,32333360,23,17,35,30,12599,5668
446,476,1916066559,229117,36146888,22,35,1,35,5613,153
469,529,1988678767,8103267,42699152,53,34,20,34,10780,1741
469,561,1975522816,10969845,47606896,28,32,23,34,8468,3153
475,536,2024770480,2164353,51421072,18,32,21,32,6644,1708
491,523,1923847392,2143157,36245712,114,10,8,4,25474,3841
499,532,2018975044,7801919,45874208,104,18,21,19,19947,4783
505,532,2118095318,24758644,55459360,203,22,25,20,44740,6876
505,561,2041704633,6322244,60882464,11,30,30,27,9165,2900
508,596,1925542715,3591696,40162592,43,13,14,12,9921,2388
530,621,2101772818,11633743,51743672,52,33,31,33,10972,4078
531,562,2086602665,25038528,57642600,348,37,11,37,42773,2572
532,560,2099301148,8345688,44262048,38,65,56,34,21728,2977
533,593,2075906103,4558701,49676648,14,41,25,41,5706,1751
535,658,2065638234,11282170,56441000,43,26,47,35,15403,4397
552,584,1931380708,1380778,39207088,45,17,13,4,10994,1579
558,620,2003383173,6748640,44496024,35,31,27,31,9994,3036
560,590,2192652023,6406034,43219072,662,27,4,26,82754,1446
565,657,1960068083,6389811,49385584,16,32,43,42,8026,2853
565,687,2074295430,2888562,52465000,11,31,48,32,7740,2967
588,650,1924726607,2422096,55991336,14,28,16,28,5784,2023
596,655,2019796644,9526852,63032528,62,31,8,31,11375,2857
596,688,2012236002,1632445,49138312,6,34,32,50,7251,2143
623,684,1973110589,1513036,52641136,7,36,10,32,5098,1682
646,680,1973234895,7696995,59643232,39,25,10,25,10956,3640
648,681,1940430961,3937325,63143136,14,33,23,33,7878,2034
650,711,2095414363,5990021,46659784,29,34,36,28,10314,2378
650,739,2069954739,2945093,54661376,102,6,8,6,14381,3540
678,709,1969302513,6187895,63189456,74,33,16,33,13344,1064
685,714,1983185823,1338570,67450704,14,31,28,24,4644,675
686,716,2157639534,4075301,55697128,300,17,16,5,26510,715
687,748,2101422442,1394673,61867624,5,36,15,39,5196,1560
688,748,1994640284,1368751,68027520,7,33,35,34,5612,1202
705,736,1939175317,1082766,48173336,17,37,19,32,5691,793
740,773,2072428383,7172553,65268256,150,8,7,9,22213,4754
165,169,1933586253,1358280,46511296,25,10,10,10,15758,1707
167,326,1928219279,2125286,52422848,32,3,5,4,14861,5102
169,201,1912847652,1231400,60314960,72,7,7,1,29632,1642
169,415,1881237669,2201695,65733152,27,7,12,8,14418,5489
169,445,1891675138,2544932,46313472,27,7,12,8,14418,5759
169,475,1928949428,2777610,51620344,27,7,13,9,14418,6231
170,265,1944983261,3377211,58371400,35,7,10,8,17119,3035
170,415,1933068458,1881469,63684448,27,7,12,8,14418,5040
170,445,1924809964,2204896,68990656,27,7,12,8,14418,5310
170,475,1931677379,2463067,49852896,27,7,13,9,14418,5782
199,235,1944270469,1982354,57399192,17,20,24,22,14998,3097
201,205,1912191245,508423,61645728,36,3,3,3,14319,1715
205,329,1945583574,1240565,49242864,23,18,18,18,19191,2503
235,416,1954311365,1783187,63084592,52,5,6,4,27364,4115
356,595,1982422378,4331655,47565000,80,9,11,4,23699,9229
383,413,1918123800,349609,52980712,36,32,3,31,8314,186
405,436,1917067863,2763208,61546064,84,9,8,9,19678,3337
445,502,1973963825,3141923,65159696,35,11,4,9,13621,3364
471,532,1992678805,1719084,47405824,10,33,13,32,5655,1658
476,533,1941092250,1666535,50052664,5,32,29,40,4371,2170
478,507,1931041345,856150,54902328,12,35,24,34,7236,810
508,568,1925219588,4537306,62833120,63,13,3,12,11365,1832
508,598,1950125841,6969946,47176360,54,20,17,20,11855,2883
529,558,2028795026,1559704,53785136,31,30,11,26,6152,961
530,591,2134094992,8383776,47265488,76,30,29,29,12612,2905
530,628,2068550782,7315772,51674280,15,27,43,38,9218,5673
531,564,2077642001,4821390,56084136,34,16,14,15,6761,2317
532,594,2138155750,6687042,65348496,35,32,24,32,8684,2253
533,590,2061993912,2292820,45744912,8,31,31,32,7736,2309
533,626,2069897248,7822179,54116744,26,32,18,44,8710,3728
534,559,2045558815,4453538,61604056,21,26,30,26,10529,3265
537,565,1954479446,1929307,66452440,11,34,29,34,5197,1651
556,560,2030323569,14134739,61040824,140,24,29,24,31330,7715
558,593,1978528083,7488829,65882240,37,27,38,29,11052,4530
559,593,2003617555,6965492,49938088,47,27,33,25,11996,4184
562,590,2065735148,2225823,54786952,18,31,26,31,6363,1671
567,629,1986180207,7901595,62278672,37,36,9,36,9028,2848
590,710,2047959531,12016672,48720384,105,30,27,30,18842,6640
595,621,2062645688,6874997,55775920,27,23,11,23,7515,2994
595,658,2095939369,14534547,48680424,75,29,28,17,19938,4594
620,740,2096283849,4516822,64984552,10,33,40,33,6252,2738
621,650,2158401650,2109058,58421552,17,34,17,35,6309,1025
623,685,2106821399,14182727,65314816,57,28,17,29,10646,3511
628,658,2161751625,5464606,41720040,225,34,1,34,32970,859
680,686,2081192040,13975221,35334792,30,29,23,26,10114,5263
686,747,1995538323,1105784,38639192,6,30,30,31,3850,1116
710,739,2063189273,4407316,51862696,151,12,8,10,20421,2065
713,747,2012157602,2266992,55166952,6,30,21,34,4812,2101
716,748,2045923298,913513,36008464,7,27,29,27,3525,943
741,771,2014880914,289164,42936912,37,29,5,26,7335,164
741,774,2102170716,20545878,42419608,201,8,8,7,27863,5722
746,776,2085685753,515585,34156672,53,53,47,6,9352,243
788,793,1967892406,1808145,40325504,45,2,3,2,18438,2745
146,295,2036273525,2186629,53982336,52,4,5,6,26928,3331
170,325,1950742246,1259698,37196552,34,5,9,5,16100,3813
176,415,2001490536,1482739,45561552,30,2,3,3,17236,3552
197,201,2045975221,2981088,53055568,42,26,26,2,26959,3281
198,325,1981788920,2871312,36773552,33,3,3,3,14945,4479
202,386,2122387737,1038985,42060040,28,7,12,7,14719,3444
203,295,2269566776,974507,49550072,46,1,1,1,18405,1947
205,359,2272433033,2419769,37554720,22,19,19,19,19088,2980
205,416,2285800049,526113,48141696,32,1,2,1,17710,2823
205,449,1980229926,1446511,35558896,17,17,18,17,16327,3827
205,479,2037314001,1594082,43933192,16,17,20,18,15937,4134
295,416,2014137167,5491465,39798936,76,12,13,12,37237,4005
314,404,2259935324,1673461,47288352,69,4,6,4,16791,3250
323,356,2324116025,3539054,36113720,128,7,9,5,25987,4300
323,535,2366595368,5767765,40522336,21,28,33,24,11029,6059
345,435,2214311588,851020,47130536,65,2,3,2,15285,3330
356,505,2566274128,16933129,54668440,211,13,18,10,64268,13527
375,436,2009350641,1641686,38658888,74,5,7,6,17444,3871
386,595,2078434283,3801633,46825600,83,11,14,6,24480,8575
389,508,2018111580,1091993,35344312,40,6,10,7,14576,1968
410,471,2066826961,2324872,38353440,13,33,21,33,6111,1944
412,472,2132201298,3874936,43949992,61,16,1,16,7903,1520
415,596,2399664582,8349408,54247904,91,8,7,7,25253,7604
468,530,2208882430,42898117,52819304,277,26,10,25,43436,10113
468,593,2050942569,8403343,36388760,24,31,31,32,8998,5143
471,475,2090506433,15984380,44136968,60,32,4,32,11925,4492
473,563,2098122166,2899951,48877792,16,34,28,37,6055,2395
498,561,2064002034,52117101,42718352,162,38,35,39,28539,9234
499,560,2277668501,29617904,49106888,282,31,36,23,38783,8492
501,590,2064652164,7533404,53500208,33,33,34,33,8637,2603
501,594,2059502176,5067504,35607552,30,26,23,27,8575,3563
504,628,1964826492,6211235,40804320,41,16,21,18,11224,4507
505,658,2049604486,4448938,46785560,42,15,20,17,13604,4341
506,565,1946921102,2757181,52369992,43,32,32,32,7810,2176
526,557,1938452660,804131,35291248,18,25,6,23,4502,661
547,554,1932404525,6090435,40073888,28,26,26,26,13132,5117
548,553,1960337059,4390570,45263368,36,28,23,28,14782,4342
562,620,2067953702,3801228,50045680,13,29,34,29,5829,1976
565,659,2058890939,4123714,35715592,16,29,42,30,10417,2725
566,594,2170119835,6269948,42498840,32,33,22,34,6692,2534
568,629,2217259524,7531615,48081128,19,27,7,27,5532,1692
592,651,2178450824,4887343,53674264,32,31,10,32,7756,1572
594,622,2116874566,16643347,45096472,105,31,16,33,16425,4113
596,621,2186115644,3923865,49081408,11,31,18,34,6998,3233
620,653,2218987726,3297326,53867176,23,28,12,23,7502,2121
620,710,2199055519,16171320,41497904,130,33,25,32,21853,5618
620,711,2089044455,2771513,45089664,21,28,31,21,7842,2631
627,654,2425611213,2291983,48276056,11,30,32,29,4763,1955
646,681,2427526127,2905279,52263584,9,28,20,28,7065,2693
650,683,2374475271,17953310,44665832,109,29,8,29,20351,4912
653,684,2181268095,821236,53439304,12,33,2,32,5024,748
654,683,2184101141,1570393,43186760,13,28,16,26,3741,795
658,716,2288915096,3479430,48765432,19,33,36,31,5697,1960
659,686,2208855365,1605578,51553464,11,29,32,13,4283,1799
659,716,2213911702,2814200,55148600,8,28,17,28,5478,1781
673,677,2298106725,10257919,39719960,30,34,28,33,11710,3075
673,679,2066624909,6301645,43709032,13,27,30,19,7828,3098
682,710,2177282127,2652698,53279328,25,21,17,20,5871,1355
715,746,2138161928,1386734,42683344,8,33,19,31,4598,705
718,777,2198968236,3112983,47479864,11,32,14,32,5113,1653
740,746,2166461270,6364523,51863448,11,28,36,30,6021,3549
741,777,2108745089,2422449,56651872,43,2,2,2,7316,3237
816,822,2041355649,3844434,44545768,58,2,2,2,23356,4338
28,176,2126532152,1085687,44998568,71,2,3,2,39372,4290
87,205,2135202327,1228703,47042848,76,3,4,2,41004,3503
116,295,2122807939,1769743,41126168,50,3,5,4,26260,3868
117,265,2099851016,1950440,53880656,48,5,6,6,26260,3527
146,386,2105061394,857322,41226760,30,2,2,2,17741,3284
166,202,2072134676,2459884,49204024,49,4,4,4,22523,3692
167,205,2076099637,2024247,55581016,31,2,3,3,13605,3376
170,234,2072921705,3482074,41709472,36,9,15,9,17948,2446
171,202,2094978994,3797839,52872008,69,13,12,12,31962,929
176,416,2105298118,561282,40630376,31,1,2,1,17388,3260
197,235,2076465067,3108187,45821120,17,21,25,22,15057,3916
198,205,2068556244,1169279,52195064,31,2,3,3,13605,2765
202,295,2073880035,2237904,39539688,40,6,9,5,18184,2581
202,416,2068002812,2040512,44725896,28,7,14,9,14719,3905
205,445,2136601717,814942,55099448,30,1,1,1,16345,3142
234,416,2073396493,1046416,39034328,27,15,19,17,16356,3075
235,326,2129407837,3193960,42898360,78,9,3,7,37882,3102
356,502,2068074325,1368097,46389552,31,4,7,6,11711,4157
380,530,2157932587,15902447,52607000,47,29,7,29,10623,5119
383,443,2062157155,1730918,56501640,26,24,1,24,6933,979
389,537,2137987627,1239093,44704184,38,2,5,4,10750,2443
409,470,2146108202,2602775,47809384,22,27,16,28,6062,1401
410,469,2101858252,7009402,55190528,76,17,8,12,11141,2406
410,530,2162123461,22060693,42848880,81,30,8,30,14713,5839
415,502,2116292084,4033416,46351400,34,7,5,6,12783,3602
439,530,2088244185,7747710,51792184,38,31,20,31,9020,2966
440,471,2077878105,1596598,55288448,19,30,10,30,5991,1115
449,537,2062987278,1798668,46069160,43,9,11,10,12480,1958
470,563,2116692426,2935358,49173400,7,31,33,39,5606,3005
499,530,2257767869,30031168,55782312,602,23,0,23,78495,4953
500,590,2118451162,6024700,43253352,27,32,35,32,6970,2234
500,592,2114596504,4369052,46775800,20,28,27,32,6089,2313
505,564,2244956374,2307822,53823992,12,34,25,33,8457,1822
508,597,2161250053,3463015,57351776,16,24,25,24,6485,2016
524,556,2209675099,4089465,44269080,27,26,9,24,6442,1648
527,557,2118010633,883514,49561512,27,32,2,30,6576,356
529,563,2226587562,7769037,53967160,24,32,44,31,8523,3798
534,658,2224062156,6964267,58372312,19,25,42,43,8488,3636
554,589,2214499856,2696126,61026808,8,33,14,31,7794,2919
555,590,2074559354,21377298,45645600,62,28,28,23,18304,6665
557,593,2093715355,5626420,49610512,29,21,31,23,9472,4270
560,652,2217672541,6108984,53134776,19,30,12,29,6690,3293
560,710,2224304067,16641924,63268728,71,34,27,35,15690,7072
561,686,2224408015,9623466,46476352,25,25,15,26,8075,4663
565,629,2141356095,3710527,50443600,12,26,45,37,6608,2249
565,656,2155640369,8241581,56613832,45,24,17,18,11806,3365
591,620,2227690910,1178183,65165640,18,32,22,33,6113,1047
591,680,2231317385,2816766,61362872,14,34,17,32,6059,2402
598,626,2099344484,11188513,47162224,120,28,9,29,13513,3542
614,680,2069990329,2834435,50246512,32,10,10,10,8330,3562
627,655,2177955609,9792639,58619080,87,55,53,24,14797,3693
645,650,2104878559,14228866,53187600,152,17,16,18,33756,10080
647,652,2086648882,3354867,58485224,62,6,5,6,12976,4205
650,684,2210582365,18853861,66859656,75,28,11,30,16399,5265
652,683,2116629710,10598456,57147480,202,17,14,17,25772,2136
676,708,2068472917,2898484,61116360,15,33,12,33,7235,1345
680,711,2239283728,18020716,61475048,309,23,17,22,46468,3513
687,714,2142211731,2026738,64118928,5,29,38,32,4002,1704
689,716,2074338303,2794663,67645816,12,24,31,24,6009,1598
787,822,2042564285,658130,50960984,58,1,1,1,22949,3362
788,822,2044342245,1755035,58888232,59,2,2,2,23153,2642
798,830,2082704729,1628581,64184688,28,24,13,18,6714,1470
816,821,2057722381,3224757,51105808,58,3,1,2,23659,3933
103,198,2055111406,809114,58147328,25,6,6,6,13663,1935
117,356,2111817623,1289634,46613224,29,2,3,3,17092,3420
146,415,2098827044,1536490,54539192,29,2,3,3,17038,3838
146,416,2097350605,985599,62912568,30,1,2,1,17190,3559
166,199,2070042439,4491882,54795608,54,13,13,13,26240,2032
169,356,2046334343,1916632,60521376,27,4,8,4,13559,3847
169,386,2069110671,1277732,65805720,27,4,8,5,13559,4267
169,416,2095631765,2150772,45781184,27,4,9,5,13559,4675
169,505,2057069295,2709613,50638744,27,4,10,6,13559,6063
170,201,2080754535,1045587,59005784,78,2,2,2,29910,606
170,356,2066566384,956382,64735360,27,4,8,4,13559,3442
170,386,2082951795,1091477,48813352,27,4,8,5,13559,3862
170,416,2204998686,1295739,54111872,27,4,9,5,13559,4270
170,505,2095180160,1428735,58957432,27,4,10,6,13559,5658
171,234,1996461224,2248223,63359976,27,15,18,10,16811,2005
171,415,1925506355,2544106,45842056,23,9,11,8,13710,4536
171,445,1949403260,2924948,51125592,22,10,12,8,13710,4792
171,475,1956949629,3470993,56415656,24,8,11,9,13710,5237
176,445,1948859157,859705,64345344,29,1,1,1,16023,3533
198,235,1990536662,3011443,50468416,17,21,25,22,15057,3405
199,265,2194095265,1120151,56200024,32,3,5,3,14840,3201
199,295,2042877362,1931925,61923328,31,4,6,3,14840,3602
201,415,2027541380,2643708,65456056,25,7,12,9,12939,4298
201,445,2036469554,2155065,47255160,25,7,12,9,12939,4560
201,475,2013731715,3698876,50781360,25,7,12,9,12939,5004
202,265,2054331208,1903017,57831408,42,6,6,5,18434,2194
202,356,1989643601,953114,63555144,29,6,11,6,14719,2971
203,475,2029730949,2903754,46655608,29,10,15,11,15799,5014
205,235,2121672345,79368,52482760,80,4,3,1,36123,168
205,475,2069150406,673774,61732464,29,1,1,1,15678,3465
234,265,2012684785,590327,68333544,43,17,14,17,21799,390
267,389,2025949686,580792,53891552,38,4,3,4,18547,2003
322,352,2011227105,381019,58312808,35,30,0,30,8970,130
322,505,2036651903,8556552,62717440,31,14,17,12,10043,5546
386,445,2134902330,10601138,53446504,228,14,15,13,66891,4753
389,479,2078695709,1095377,66354280,67,2,2,2,21858,1915
410,561,2092894139,4246585,50472528,13,28,27,29,6831,3268
419,567,2099537575,1369286,58658112,30,13,13,2,11037,2641
468,561,2115483963,40235931,70674576,128,34,31,36,24423,9203
472,501,2146396670,1575765,24758200,11,29,9,30,3826,893
476,535,2044781287,4229571,28201592,17,31,20,35,5048,1719
479,596,2048750488,2652111,32933624,34,8,10,9,8217,2468
479,598,2010675822,4312859,37676608,50,13,15,14,10634,3483
504,562,2080941684,6151317,42405888,30,29,5,29,8861,2416
505,595,2183954046,30708048,39693632,198,19,12,21,46658,7563
530,656,2199481119,3048575,42702352,5,28,28,35,5876,3694
531,590,2168230265,5496260,29265664,76,21,19,22,14632,2169
535,560,2149470008,7213699,37385872,31,17,11,20,8795,3698
537,596,2164787340,10378340,45505424,53,23,11,23,12046,2304
537,629,2342889857,9254417,28035888,16,29,3,29,6292,2601
549,553,2261163087,8084556,33178464,40,26,26,26,14581,3521
560,595,2415131664,12903983,38327856,19,33,10,34,10245,4900
560,711,2195457125,3075091,41754824,10,31,33,26,7186,3532
562,626,2205164031,6746877,30028296,40,28,26,27,9914,4213
565,625,2160073841,2141296,33464824,20,30,18,31,6517,1910
591,650,2157097509,1049262,43546928,11,30,17,31,5156,1518
593,687,2176519015,8020469,50132104,22,33,3,32,8174,3603
616,646,2070340241,1896582,43136120,118,26,2,26,17624,476
616,676,2002407050,2092980,27796232,14,29,18,31,5486,1296
620,625,2193467552,4837236,32449376,15,29,27,28,7392,3605
625,718,2219109196,5249493,36729912,18,28,14,29,6271,2392
627,658,2470978931,8559591,49657120,206,21,4,23,30551,1548
628,688,2386836330,4399069,33350216,30,32,29,32,8808,2020
644,680,2303615118,9512876,40332432,28,33,2,32,12887,5177
645,678,2355049365,2532869,46165480,17,29,11,29,6023,1845
648,680,2164843856,7625258,32481168,45,31,13,31,11985,2198
649,683,2079592279,4900901,37528968,52,13,12,12,11143,3169
650,654,2215719667,7318891,43736488,44,30,5,30,10360,3722
650,685,2179846186,7207429,28733472,37,15,8,17,9929,3441
651,680,2152991447,3435725,42329104,47,26,15,24,8358,1218
651,682,2149242400,11880295,37491032,204,24,12,24,27504,2414
653,681,2090099939,1437942,41372960,12,27,19,27,4526,1440
655,717,2116859303,2249290,47197232,20,21,14,20,5058,1370
656,716,2169787147,3175340,39765136,30,22,23,18,5781,2101
674,709,2048421915,6299288,43266328,20,18,10,18,6875,2625
674,710,2101876592,12809775,27631232,18,20,11,20,7444,3169
675,681,2098296949,12980762,33072392,62,11,10,11,13484,5666
675,736,2068126307,2278377,36180064,8,32,11,33,5669,1449
676,711,2084860609,28141391,42783496,58,28,13,22,16041,5858
684,716,2121020230,2381408,32707608,36,17,10,16,5548,1224
713,746,2105147430,3081318,37751304,17,30,15,32,5549,2110
717,775,2111062324,1569082,41631240,6,28,10,28,4259,1309
717,776,2086655524,1360225,46287216,13,34,26,21,5482,1450
739,769,2055626212,500299,34252192,83,32,6,26,13258,230
742,771,2069550470,928432,38526160,18,21,20,21,3666,412
747,776,2041198985,1391984,46291848,34,33,14,23,6356,980
774,804,2144379481,692115,38795096,75,29,0,29,9806,208
57,205,2131359622,1524659,42407888,75,2,3,2,40538,4438
57,356,2066912900,573170,31174632,29,1,1,1,16932,3886
57,386,2057932453,759340,38553136,28,2,2,2,17215,4300
87,386,2080055572,1204693,46700928,28,2,2,2,17215,3903
87,415,2070518439,1654233,33965824,27,2,3,3,16512,4382
103,167,2100203156,181730,40950080,31,0,0,0,13663,1515
116,386,2391307117,1104350,30029448,28,2,2,2,17215,3494
116,415,2310691515,942320,37785456,27,2,3,3,16512,3988
117,386,2072469196,1117418,45549520,28,2,2,2,17215,3700
166,198,2055146191,1721373,39292120,53,17,17,16,26938,1168
169,264,2003475418,950651,42800992,29,3,5,3,12728,2621
176,475,2051721122,684365,30494064,28,1,1,1,15356,3825
197,205,2008024019,1706415,34770184,31,2,3,3,13605,3210
198,415,2036343134,2519726,39428512,24,7,9,8,13324,5348
198,445,2015153621,3522048,44086704,24,6,9,7,13027,5483
198,475,2048737854,2450301,29137032,24,6,10,8,13027,5901
199,205,2026171439,1081662,35733416,32,2,4,5,14057,2649
199,326,2054000841,1607010,41165960,30,4,6,3,14445,4171
202,505,2051369713,1755017,46203920,28,7,16,10,14719,5464
203,326,2084739373,2083243,34030880,45,2,2,3,18120,2876
205,389,2097715359,1411272,43740128,18,20,20,21,17773,3282
205,415,2108421951,830446,36722752,31,2,3,3,17558,3122
205,505,2058506480,1198338,45649240,29,1,0,1,15551,3946
234,415,2115138083,3309720,29197576,27,20,25,23,18085,3881
235,535,2100049458,2339027,38905288,14,20,22,24,15302,4527
295,532,2088544147,3265486,46291304,28,7,12,10,15089,4751
344,404,2060795404,1006227,35094776,79,4,4,4,18574,3074
355,534,2094405648,3840478,38977992,20,27,28,28,9472,4693
356,532,2268541330,4654647,31140312,59,8,14,12,22000,7191
359,479,2150570906,2238524,42408840,36,15,15,15,19283,2120
375,404,2220652183,395129,32517928,98,3,3,3,21621,1511
405,434,2156039793,4428405,43387488,88,28,26,28,24022,1526
410,560,2082963329,5149677,27656088,14,27,28,29,6228,2929
415,504,2110093003,12960951,35809872,71,25,19,24,26059,4767
467,533,2095439389,4268237,39311304,24,17,21,15,7924,3746
468,500,2088537633,1747236,42416608,15,30,13,29,5805,1497
469,560,2180097704,6661639,27832744,30,28,28,30,7928,2603
472,531,2120916095,2218668,30550184,10,29,17,30,4305,1194
477,506,2024101547,662276,33270112,6,30,19,30,4745,519
497,527,2103643064,2168186,34582064,169,25,20,7,22545,406
502,560,2064620799,1391036,37300056,10,25,26,23,4961,1406
530,620,2489219155,11868338,33563376,145,22,25,23,22141,6015
530,622,2284132721,5014644,37058472,23,26,25,26,6917,2920
530,655,2225987782,7023231,40949968,16,22,15,21,5905,3290
531,628,2188227131,10592113,46385744,37,20,36,28,11915,6785
533,567,2095486007,3525829,30675720,16,24,27,25,5286,2261
534,626,2105554885,10307104,36495312,33,29,26,42,9099,3687
534,629,2089067868,2913237,39212232,8,28,50,52,5886,3183
