R1,R2,QT,CT,GT,STDT,SEGT,MEM,STD,NSTD,STDSEG,NOTSTDSEG,PTQTDALL,PTQTDEPR
527,646,4468702940,8324922962,4879197,32438599,270421468,540241512,13,57,21,59,172048,36660
795,796,2922982839,623719850,707553,227908,4490378,793039464,4,4,2,4,291720,532
707,766,2977340371,1585194442,2111168,4442902,82910129,478035240,39,28,3,28,215219,12747
795,826,2874400030,8168192476,16809683,3452858,8826425,706959736,169,15,11,7,281552,11098
527,707,2602514506,2116810226,813759,4544226,182676987,793097592,10,32,35,35,116820,27230
707,796,2754958876,1815395901,1409494,2685640,49017656,645979952,24,31,7,31,200689,15318
527,556,2530920062,5610158976,1178038,6245210,22137867,571062032,11,26,38,35,192296,25768
527,586,2648772155,6495756369,2636014,7441349,58048829,810016464,16,63,19,63,190267,32279
557,646,2431539822,4771920138,2022601,9125787,87913511,335536432,29,30,6,32,162758,28561
527,616,2678757262,6216536850,984009,13678323,71336574,394856120,13,59,22,61,177323,34398
646,707,2788328352,1035158984,588159,2236697,56076783,800122376,40,27,20,27,168885,13131
527,676,2545439721,6895129359,266188,10138382,71349321,1110146600,12,55,27,59,166663,42256
527,677,2500248998,1602290041,76483,2410057,17629181,940782256,12,26,24,28,76988,18978
795,825,2708625520,999515558,189473,963346,73692,1322099072,44,4,4,0,78169,4374
527,766,2652609992,3815804090,92058,5552179,47434158,1111387656,10,25,19,30,105165,31017
527,796,2585235731,2701422714,84456,4619644,40347672,1395437792,9,24,19,31,98185,30338
616,707,2634920516,2602975297,252000,4145888,104050324,671393000,30,32,28,40,148644,21534
646,796,2879804529,2884590736,251284,5098716,127679848,876237800,36,26,6,26,150860,23261
282,796,2360047087,1681581906,194088,7046281,54710530,680651592,15,22,54,40,56931,36155
282,826,2512508959,1713541923,123009,5613261,51855501,1333514632,16,22,54,40,58866,37276
527,587,2454129085,738320015,109220,955830,9847417,782497928,16,22,18,22,111661,4276
527,706,2806785917,8465789831,235978,8651718,77381612,534711072,10,54,37,59,165297,48986
557,707,2668142865,1763256267,217935,5043505,76979982,429705072,22,22,26,26,121498,25247
586,707,2744256258,3221433826,257458,5973698,216593419,792539296,30,35,27,42,157643,28758
282,793,2393780514,1640323493,105796,5957725,43794138,454567480,16,21,54,40,57607,32154
646,766,2650267166,3118002296,760615,4599697,140050836,713543136,38,29,6,29,163564,21279
680,707,2563486575,10464242051,121817,11004937,65482005,1165986992,38,22,25,24,150601,37477
707,826,2719465713,1197790393,39032,2625924,29680484,793983232,17,21,24,23,175039,15286
282,824,2325604185,1605367944,47196,5855141,46957410,540066200,16,20,53,38,56244,32302
496,526,2547999564,432934401,15497,207669,190796,720395176,1,1,0,1,192183,1041
681,707,2335429352,10749525952,77878,11745098,82816584,1516390720,38,20,28,22,147133,38576
282,825,2405233508,1535769589,36785,4910300,40063469,789317896,16,19,51,37,54643,32874
527,617,2641294763,578105143,33734,1057086,7704376,157517144,13,19,21,21,101138,5131
527,826,2420243887,1114799088,61271,2349192,12027786,683462528,3,19,19,19,79224,22796
587,707,2422830319,2123979958,56875,5407567,118836561,715637520,30,19,14,20,101775,26267
616,677,2636242138,1812375790,72140,1963262,35977095,572736184,33,23,15,25,103149,8940
676,707,2727118809,513152986,24817,816813,7250066,775364624,6,6,0,6,187865,5225
312,796,2345293568,1933215872,40888,5883742,46672897,631847768,16,23,56,41,64739,35138
312,826,2352260550,1930112480,42909,6393908,55454253,536833752,17,23,56,41,66674,35688
342,796,2409849004,1724200286,42404,6473955,80880635,373653456,22,18,42,33,81119,32794
342,826,2485770022,1856955753,43553,6679427,48786717,231164248,23,18,42,33,83054,33244
527,647,2568548774,576787165,29375,994300,7345122,471145136,13,18,20,20,99073,6104
616,647,2740842418,219825207,34016,517724,1604496,573589312,5,10,4,7,137868,1814
646,677,2707793762,259459478,24658,335866,477853,658932440,9,6,6,1,117901,1597
707,736,2893289540,611701846,32602,593722,7162487,914986024,19,9,11,12,240622,6776
281,282,2170119644,214379547,25578,725108,464823,114733632,10,8,8,7,43381,3031
312,793,2277185757,1585766000,40693,4547762,25644355,764486216,17,22,56,41,64450,29593
467,497,2252032459,126030867,9263,158911,243976,884082424,1,3,3,5,66865,1078
497,527,2375094459,462490893,17407,947368,4140172,226403096,7,7,7,7,88742,5779
556,707,2549977089,1866090614,58293,3977417,81079200,206592216,22,29,30,34,130492,20803
586,677,2592871441,1861735828,76151,2207133,35816140,937425672,33,21,12,22,105315,11358
707,708,2733013121,393853764,11983,406012,441831,194939696,1,1,0,1,148821,2596
282,520,2333548144,982160856,57503,2527172,21976641,580743904,30,20,28,19,67729,15339
312,824,2307964138,1755738434,39065,5555506,25988473,382063264,17,21,55,39,63087,30066
342,793,2324406623,1565266966,44185,5920274,32483299,111962432,24,16,42,32,77789,27262
497,526,2307824806,1337965422,38365,2303728,16484282,681497048,16,18,16,18,93553,12449
647,707,2498149703,935792184,68424,4105003,79584028,188238080,40,16,14,16,121442,20151
251,282,2096624756,232399400,39547,1141656,1505610,295089712,12,17,16,14,32781,3310
282,343,2508680498,562057723,81364,1468313,24104672,508665336,30,19,8,18,57943,9038
312,825,2359428526,1770228196,39402,6157379,27933625,306509072,17,20,53,38,61486,30814
342,824,2456741498,1685478510,57415,7342772,30771931,941666664,24,15,42,30,76426,27812
342,825,2348759526,1645095336,40079,5752572,26074779,665571744,23,15,42,30,74825,28686
467,496,2443700268,549590436,78654,782398,3163943,883350416,44,12,12,13,124598,3135
557,586,2520767443,3982399108,62330,8243363,19290121,790786144,12,16,25,23,186162,24342
557,616,2527047821,3823909043,76081,6401030,73149717,591917720,30,30,6,32,166133,26383
557,677,2319718661,1267019179,44921,3535557,44363437,162191976,25,15,12,18,79589,16166
557,766,2482958380,2552365818,31042,4748754,44663798,290081408,16,13,17,21,98361,23488
557,796,2340489254,1844140826,27328,4036291,33654519,156297560,12,15,18,21,91381,22629
586,647,2719117130,260351448,41774,441208,7196308,282021696,38,10,0,10,132840,3422
587,646,2363206631,2964847396,65287,5539228,71599050,664689248,38,16,0,16,112543,21339
616,646,2684161803,349576384,27118,83536,145326,826356528,1,3,0,3,270979,375
617,646,2363216385,2871063892,29019,5460844,6437667,296031104,12,7,7,7,115227,20706
617,707,2351068210,1712459088,51446,3626542,66157453,1033299176,30,15,14,16,91154,20620
679,707,2480349033,722862307,97193,1355790,23888549,379565952,55,15,8,15,162795,6918
282,401,2380954903,866932540,70414,2320151,24999839,892284544,38,18,23,15,72406,11587
282,792,2392311595,1144388964,40870,5252158,53107258,455917248,23,14,39,32,58850,29471
401,793,2319797195,1578696027,43858,5239192,19587560,178754968,25,14,42,29,84737,23495
438,466,2229231572,5624912265,25960,3655669,12580963,706640912,12,14,21,21,71619,15656
438,467,2277630310,5755229831,25729,3607732,11398157,485561184,12,14,21,21,71619,15656
438,646,2262408214,4661762046,31785,4383997,19733295,649770360,12,15,12,17,79547,22567
527,737,2433605595,1418813254,22719,1802606,4545313,1240494840,10,14,21,16,64142,12575
557,826,2452143351,943910295,17234,2559304,9933405,808597072,3,14,30,24,73505,18081
650,707,2504359590,2684169154,96532,3430834,49739134,876056584,54,14,9,15,162119,12572
678,707,2526888764,444478765,104478,1274841,31386629,1154381704,57,18,1,18,172024,7510
282,460,2346104756,1032783101,66641,2612384,26021440,642077760,38,16,24,13,69374,13601
282,761,2618140022,1172116905,36844,4013507,47396962,1062334912,23,13,39,31,56051,27635
282,823,2316095091,943393352,27573,4158200,17333288,558320320,14,13,26,14,47134,22130
312,520,2320586415,1028853043,66796,2005160,16536800,961086072,32,24,32,24,81460,12624
401,796,2352560047,1572485207,38272,6061284,18869438,691505368,23,13,40,28,79270,25842
401,824,2209307606,1539184240,39183,4270104,14325975,1278038728,24,14,41,28,83374,24060
401,825,2372077233,1599119440,38598,5452233,15705208,976913096,24,13,40,28,81205,24946
401,826,2443138476,1703097928,38181,5794921,17749608,745389912,24,13,40,28,81205,26104
408,437,2354977395,5975368876,24286,3075023,8484658,1132428592,12,13,20,19,69705,12937
408,646,2255680489,5636547658,23138,4110051,16807987,614490472,12,14,12,16,71506,21244
431,793,2271968010,1428315057,40567,5068965,13864859,314908920,25,13,41,28,84679,21378
438,496,2259118623,5890325451,27405,4465224,14370504,1055068840,12,16,23,23,67997,19307
438,526,2361999884,5999097536,69923,4626987,20573932,1042000128,12,27,23,34,96367,22366
460,793,2241316923,1415842878,44708,5956741,15280495,750965088,25,13,41,28,86261,20525
461,793,2309346261,1360464638,84838,4067502,12698249,1282832616,25,13,41,28,84679,21262
490,793,2410295292,1377323574,40594,4344487,13486487,932601520,26,13,40,28,88163,20130
556,677,2587271828,1368111356,50251,2418780,34651913,600480912,25,20,14,23,86338,11535
557,676,2556341467,4933488376,107930,8594137,108587482,922034816,25,32,14,35,158030,34256
593,707,2551508117,5769591886,82614,6208099,42756674,372138248,39,24,25,14,143404,25566
646,826,2637468966,1251709964,41848,2435712,52777620,906560056,26,15,16,15,121387,17616
651,707,2511697854,3147335628,90794,4536074,55699247,423569600,54,13,14,14,154767,16882
707,795,2849952554,670232939,20019,1260085,9045814,780702512,10,13,17,15,152786,8701
282,342,2487850125,1328031261,262656,1848459,82963682,365344680,106,17,3,15,132578,9184
282,431,2475983065,857515626,62188,2072631,25628341,722922280,38,16,24,13,69374,12267
282,461,2454611569,949074575,64686,2258989,25462824,1080502760,38,16,24,13,69374,13617
282,490,2459138613,986784513,61660,2238372,24951451,542418248,37,14,22,13,68308,14203
282,580,2437052081,739388964,72977,4352436,21511403,846333832,30,13,20,12,61340,15037
282,757,2416319678,865187718,44864,3341331,33426899,286644632,28,12,17,10,60299,20486
282,760,2357415525,1067437483,35962,3928884,46966104,714703448,23,13,38,31,56051,27346
282,762,2537951524,1171893429,38985,5422110,54829125,275848136,23,14,39,32,58850,29180
312,823,2389435303,1030222286,30136,3342481,15597785,703924224,14,17,29,17,56278,23773
342,823,2418597251,1063408720,30773,3621774,17809150,1096336912,20,12,20,11,66496,22257
372,793,2355802629,1423218255,39674,4895604,9323085,763371928,25,12,39,27,76843,22470
372,796,2244427294,1515800668,34559,5810700,11339118,470783256,23,12,39,27,72739,25611
372,824,2328823427,1510448495,36889,4279966,10405751,1059737144,24,13,40,27,76843,24012
372,825,2208394359,1493707559,35009,5236363,11558925,744644384,24,12,39,27,74674,24805
372,826,2265582751,1592303475,39450,7601899,12293517,473537240,24,12,39,27,74674,25928
402,793,2312180975,1386787107,38183,4149465,8928698,1030689496,25,12,39,27,80318,21835
402,796,2333653103,1471609791,34672,5541336,10995124,696652968,23,12,39,27,76214,25011
402,824,2315352202,1537478545,37221,5552521,11377565,405856024,24,13,40,27,80318,23377
402,825,2292648029,1518154002,35160,4538879,10499438,985716864,24,12,39,27,78149,24185
402,826,2348241410,1536679085,35872,5577754,11003661,668368360,24,12,39,27,78149,25308
408,466,2379199622,5494365233,27331,3459034,8625343,1113474960,12,12,20,18,65922,14103
408,467,2243792342,5621046403,21316,3259334,9602872,932273872,12,12,20,18,65922,14103
408,496,2321831000,6195225082,24599,4072466,13329544,1202845648,12,14,21,20,60665,17638
408,526,2232588500,5956164732,32434,4221805,18465173,273696336,12,23,21,29,80148,20581
431,796,2248443323,1412276952,33979,4638925,10183087,834205648,23,12,39,27,79212,23633
431,824,2263064554,1519363698,35783,6452781,11991411,652770232,24,13,40,27,83316,21911
431,825,2340849361,1590868903,35531,5165796,10919901,474433872,24,12,39,27,81147,22757
431,826,2383768495,1574790129,35955,5669071,12022750,298349072,24,12,39,27,81147,23880
460,796,2389918621,1383657585,34932,4475423,14120961,845533216,23,12,39,27,80232,22853
460,824,2321619254,1415048681,35924,4484441,10543019,610846640,24,13,40,27,84898,21081
460,825,2260965071,1504698526,35722,5518946,11715211,386776496,24,12,39,27,82167,21948
460,826,2343952732,1686092167,35500,4648510,12267619,970659480,24,12,39,27,82167,23071
461,796,2284467966,1400996659,34661,4568385,10693632,725517128,23,12,39,27,79212,23526
461,824,2298886964,1447742926,37680,4737392,10658011,496109760,24,13,40,27,83316,21798
461,825,2298217755,1423220482,35835,5478892,12171957,269560560,24,12,39,27,81147,22646
461,826,2332827094,1456635319,40639,4737828,10487232,861087568,24,12,39,27,81147,23769
490,796,2394745518,1361892245,33894,4964939,10456231,563779744,23,12,39,27,81506,22111
490,824,2234662289,1615020201,40604,4818863,12130877,318368264,25,13,40,27,86800,20798
490,825,2352663460,1448189700,37283,4511313,10638190,892009992,25,12,39,27,84069,21716
490,826,2405982922,1433708672,34502,4931247,10489367,606456680,24,12,39,27,83441,22300
496,527,2542725469,420649826,30161,564870,4908891,741446520,19,9,8,9,132913,2809
520,793,2285224535,1356584060,42637,4487949,13283855,433554472,26,13,40,28,89332,19293
520,796,2324910214,1362379199,26461,3191308,7109319,969278144,23,12,39,27,82675,21431
520,824,2325625329,1400810200,38976,4541222,10724201,647576240,25,13,40,27,87969,20049
520,825,2233022268,1456032997,38182,5008662,11630427,355613680,25,12,39,27,85238,20986
520,826,2279504195,1391166344,36417,4550576,10099113,918656920,24,12,39,27,84610,21591
528,646,2523326891,2844497475,22285,5019898,14865657,418224328,12,13,14,13,66831,20489
557,706,2489610462,5152047119,65754,8231925,121765627,730727944,22,34,28,38,157894,40723
580,793,2305165701,1536126304,42620,4358180,11873308,458184632,27,13,40,28,90531,18352
587,766,2289159314,2933390922,28766,5203787,59353982,808414464,20,10,9,14,79212,23173
587,796,2360783963,1880036420,25946,3598459,42783433,738504016,15,12,12,16,70150,21397
592,707,2445993019,4589031507,84099,6862951,61559916,811806408,51,12,13,13,143404,24008
621,707,2477773949,3713780570,86190,6289098,63471681,649990952,51,12,13,13,147357,19845
622,707,2430341346,3907313415,80999,6125016,59247049,1275431128,51,12,13,13,147357,20564
649,707,2431192409,990197159,91502,1660733,35994147,753882712,55,12,8,12,156732,8215
650,681,2474684567,2705985622,149380,2273904,2963868,869157480,76,11,11,11,160918,7204
679,681,2514906029,3025667491,117645,4601697,6677959,1016993488,65,12,12,15,150003,11215
680,708,2377191244,7567031905,62360,9873260,22078883,1368958472,38,14,13,13,120253,29319
727,793,2293339614,1633731179,47643,3809423,10246071,437106888,32,12,41,29,93931,14377
727,796,2340560290,1582796830,45384,5289946,13786935,207116496,29,12,41,30,88637,18630
727,824,2320405903,1554896581,71697,3855346,11829961,811071936,30,14,43,29,93931,16221
727,825,2206325105,1572614515,45629,4760452,12404511,510849416,31,12,41,29,91200,17525
727,826,2310116648,1639962948,44886,5379606,12972041,260151880,30,12,41,29,90572,18468
790,793,2215963374,997898876,64301,1554014,3819552,778942200,37,16,27,11,104581,6807
790,824,2285151888,1178752455,62101,2102716,7122588,319880656,36,16,26,10,104414,8847
281,342,2097487712,209053579,16884,843196,5001508,427219784,6,13,5,11,31672,6198
282,312,2554397150,289465755,49247,151700,177596,516668040,4,8,5,9,143259,515
282,550,2513864195,721615694,47610,2006874,20430371,802880976,30,13,20,12,61340,14084
282,579,2543794207,756271011,68452,2948309,17410506,173532960,29,11,17,9,59097,14114
282,609,2358303526,702840366,44209,2192154,17015801,460925848,29,11,17,9,59097,14676
282,639,2490009594,740347700,43007,2182555,17101177,766272208,29,11,17,9,59097,15511
282,756,2372806312,873462010,43320,3256796,35491136,193667248,28,12,17,10,60299,20404
282,758,2444456823,1095367186,37671,3192567,31062017,606804200,26,11,36,28,54049,22402
282,789,2528722591,1158104599,40980,4502411,35025274,148199392,26,11,36,28,54049,23950
282,790,2377096002,1048814671,35744,3551652,30858480,562544264,24,11,36,28,53019,23758
283,313,2311574092,75307328,14566,288607,1253701,598571776,4,6,5,7,31171,2142
497,556,2298861862,808613241,20601,1814728,8297106,940848536,7,17,13,17,66598,10969
497,646,2319788867,510653788,14931,1687796,6332493,274874256,6,11,9,11,55782,10347
527,736,2651642434,3639422194,40084,4939535,42684452,952670664,10,30,25,36,114015,29740
550,793,2248155860,1348835363,42410,4354048,12266970,533528424,27,13,40,28,90531,18776
550,796,2414403054,1361394946,38148,5339151,11357939,191309728,25,11,38,27,83874,21188
550,824,2219356345,1430255673,40629,3997185,9963798,757885632,26,13,40,27,89168,19658
550,825,2293332672,1477443022,39733,4999901,10819060,399870280,26,12,39,27,86437,20647
550,826,2275100114,1452756108,36948,4368291,10577161,984698864,25,12,39,27,85809,21305
579,793,2276519408,1312554757,41924,3820504,9197987,592953744,27,13,40,27,89767,17633
579,796,2285550835,1441110564,41266,6761499,15310729,272793872,26,11,38,27,84473,20967
579,824,2385925855,1453232309,41334,3932099,10494808,839517824,26,14,41,27,89767,19292
579,825,2212816935,1436967352,40907,5693111,12667206,528227280,28,11,38,27,87036,20331
579,826,2397822435,1607043396,64801,6075248,13357926,256611840,25,13,40,27,86408,21041
580,796,2209763025,1339000282,36945,4441905,10304202,804968144,25,11,38,27,83874,20963
580,824,2233512467,1568055419,40523,4488237,11304086,461432832,26,13,40,27,89168,19413
580,825,2463671998,1645582898,41805,5662606,12904913,124577576,27,11,38,27,86437,20408
580,826,2413047067,1461420693,37600,4415519,10339400,688309760,25,12,39,27,85809,21072
587,826,2409870251,1033531407,16379,2868964,14275538,150749968,6,11,19,14,53978,17748
609,793,2501584103,1381838846,43084,4045876,8010776,683965080,29,12,39,27,90337,17208
609,796,2556883272,1522593821,38725,5524022,11653297,323874592,27,11,38,27,85043,20732
609,824,2270850692,1566818233,42980,4183882,11170733,895157144,28,13,40,27,90337,18910
609,825,2255622064,1508375748,43251,4990300,11473837,526244584,27,13,40,27,87606,20005
609,826,2338476094,1589015550,43346,5414256,12236974,181213728,26,13,40,27,86978,20765
617,677,2407996071,1468084885,48286,2622227,35062817,757559240,33,11,8,12,74666,13147
638,793,2344492145,1453118485,45522,4308346,10133071,305625616,29,12,39,27,90337,16362
638,796,2261757166,1414563206,39409,4464304,10485200,866057208,27,11,38,27,85043,19952
638,824,2279617417,1483260027,41523,4646250,11596958,473096872,28,13,40,27,90337,18064
638,825,2252064751,1542023215,45477,6105750,13248136,107384544,29,11,38,27,87606,19179
638,826,2259517060,1474917086,40002,4289560,10995394,689348456,26,13,40,27,86978,19960
639,793,2218408806,1393695287,46326,4368936,9911907,233140936,29,12,39,27,90337,16727
639,796,2294519347,1434086472,40351,4592140,10907857,815130152,27,11,38,27,85043,20289
639,824,2243424670,1496842996,44689,4656945,11769345,401962856,28,13,40,27,90337,18429
639,825,2290608769,1501185452,41100,4505006,11415880,985840072,27,13,40,27,87606,19536
639,826,2271892583,1466111305,39619,4782165,10989184,588712352,26,13,40,27,86978,20308
648,678,2446564079,369182611,13728,615360,1777470,777146072,2,2,3,3,161299,3468
668,793,2305088727,1442076383,48110,4867139,9593541,398879120,31,12,39,27,92215,16292
668,796,2293942299,1589530248,45204,5997705,13105535,107107904,29,11,38,27,86921,20201
668,824,2221374691,1551209118,47163,4012461,11194394,710611704,30,13,40,27,92215,18086
668,825,2348240376,1661098484,46001,5534593,16412979,422554168,30,12,39,27,89484,19289
668,826,2313605962,1583680611,31122,3190225,7760512,1044324312,29,12,39,27,88856,20150
681,708,2572500814,8399722707,60241,9928604,36740107,359395544,38,12,17,11,116785,30695
697,793,2457352772,1404245892,73280,6165443,15133196,890557672,31,12,39,27,92728,15111
697,796,2516856451,1623786837,42800,5111994,11856077,638030808,29,11,38,27,87434,19110
697,824,2308370367,1636028465,48430,4694499,12733023,388455968,30,13,40,27,92728,16905
697,825,2276357624,1530567191,46454,4499931,11549607,994179392,31,11,38,27,89997,18138
697,826,2376918547,1731868744,42269,4984816,11553270,761949472,29,12,39,27,89369,19024
698,793,2269167935,1540026309,49701,4161641,9492290,491098952,31,12,39,27,92728,15421
698,796,2364711098,1671905541,43038,5684098,14950846,296050744,29,11,38,27,87434,19396
698,824,2256070001,1509220532,47461,4068238,10928942,892681344,30,13,40,27,92728,17215
698,825,2339072110,1576186478,44154,5492501,12519355,665481672,30,12,39,27,89997,18438
698,826,2279314038,1546679147,44430,5383433,12983622,481581144,29,12,39,27,89369,19318
758,793,2478578082,1040151864,55217,2061353,4045376,887115056,33,15,25,13,103098,8751
758,796,2243338978,1221034149,47191,3619138,7992409,554952480,30,14,24,13,97452,13706
758,824,2327356764,1282774451,54760,2475610,6575406,1013852136,34,14,24,13,103098,10777
527,646,5075315009,7370634694,4925470,28088659,223067378,550262928,13,57,21,59,172048,36660
795,796,2849975304,598960629,511157,215090,8936187,803350072,4,4,2,4,291720,532
707,766,2902913281,1488011803,1779882,2246766,127913333,477678912,39,28,3,28,215219,12747
795,826,2849531094,7792383786,14062022,3404085,158495,720347400,170,5,5,0,283544,10790
527,707,2486920016,1924211915,681210,6527599,70541790,806661944,10,32,35,35,116820,27230
707,796,2759868047,1535263299,1203692,2737380,46795457,659057672,24,31,7,31,200689,15318
527,556,2641512884,5681747560,926756,5880988,19786411,586221952,11,27,39,36,195277,25883
527,586,2645853705,6200733670,2187677,8154552,60629095,823679216,16,63,19,63,190267,32279
557,646,2624611948,3204137904,6230537,5030718,54210802,495034632,87,37,1,36,232337,12589
527,616,2704440855,6109826930,366927,8065979,68976974,642333720,13,63,26,67,190632,35430
646,707,2759969316,1008785128,273750,2191745,70790186,1066525456,40,27,20,27,168885,13131
527,676,2868644525,7145616704,383219,8950186,80205109,689005312,12,58,29,63,173562,46329
527,677,2594490368,7069592558,284556,10435773,88493513,1071076384,12,58,29,63,173562,46329
795,825,2792407778,8712458185,3529249,4738118,63455,536897856,170,5,5,0,283544,10790
527,766,2624876529,3585716387,90201,5211349,43857765,323096320,10,25,19,30,105165,31017
527,796,2491314430,2576425624,82355,5014319,43035544,546126224,9,24,19,31,98185,30338
616,707,2814047069,2978625950,514813,8786663,225020044,806425000,30,38,31,46,169526,25750
646,796,2789645943,3090240868,131261,4579552,131104878,945732352,36,30,7,30,163929,24803
282,796,2355791322,1621940652,50290,6150680,46034848,858508064,15,22,54,40,56931,36155
282,826,2381047064,1760335584,42043,6211771,53081340,620562088,16,23,56,41,60467,35669
527,587,2458589700,807866979,37515,911381,8939278,964169896,16,22,18,22,111661,4276
527,706,2666640145,8380816819,73982,9024182,75836776,496782648,10,55,38,60,169390,49382
557,707,2748186196,1998300334,87206,4748826,114862760,1271370144,22,31,32,36,138389,21329
586,707,2990683416,3344817223,78590,5941080,205443189,945227616,30,35,27,42,157643,28758
282,793,2435728068,1410575471,39392,5355434,69794079,642760288,23,15,40,33,60127,30342
646,766,2829114659,3343042198,90932,4524703,125397532,991655552,38,31,6,31,168812,21660
680,707,2496234808,13301003473,75416,9801989,63937520,464887784,38,22,25,24,150601,37477
707,826,2766119983,1274265849,38713,2040737,30747820,964196296,17,21,24,23,175039,15286
282,824,2468941209,1926315832,41560,5915006,53560697,777788048,16,23,56,41,60467,35669
496,526,2637188278,471789305,22730,108445,22505,1068436856,8,6,5,1,226917,65
527,557,2588145527,5742786344,54438,6089067,19917097,699960104,11,27,39,36,195277,25883
681,707,2496367509,11590977832,76874,11539829,70730036,985917016,38,22,25,24,150601,37477
282,825,2294567595,1928803964,41774,5816469,51696994,1105345888,16,23,56,41,60467,35669
527,617,2484947647,7985786042,92625,7083346,63401799,664593896,13,63,26,67,190632,35430
527,826,2533793392,1331751151,21836,2896046,16253050,450833688,3,19,19,19,79224,22796
587,707,2454993340,2241932838,56419,5602238,139407690,537612760,30,19,14,20,101775,26267
616,677,2903966848,5542615793,284733,5447851,339205469,887353168,75,64,21,64,277066,22695
676,707,3000522169,637645424,133345,578017,12481115,228883384,57,13,1,13,307570,2379
312,796,2396540441,1855611553,41887,5417772,43177828,934973936,16,25,56,43,69459,37552
312,826,2525903344,1890451963,46922,5987371,55581402,839837568,17,26,58,44,72995,36657
342,796,2416464026,1848341146,40916,6226869,40431714,680748080,22,18,42,33,81119,32722
342,826,2377654748,1842335471,44577,6364664,45793653,540864424,24,18,42,33,84655,31102
527,647,2538128166,603710091,28345,960081,7130908,787257496,13,18,20,20,99073,6104
616,647,2716888561,216043276,24656,265851,921849,885836552,5,11,4,8,138367,1582
646,677,2849402229,750123208,19827,691180,881596,323855936,1,3,2,3,280624,4297
707,736,3001139813,738596037,44156,879850,10216679,572163248,19,9,11,12,240622,6776
312,793,2394554737,1399712201,31468,4081728,42549136,394033392,24,18,42,36,71690,31000
467,497,2328137075,614402259,79146,871964,6595392,708570792,44,13,12,14,125212,4007
497,527,2791087467,469735445,43911,427753,3798269,841009832,19,21,8,21,167647,1833
556,707,2530590213,1909559389,43543,2624737,49233487,826873080,22,31,32,36,138389,21329
586,677,2801815384,7217461587,258617,7026031,354477180,792958376,73,60,23,60,261541,28308
707,708,2758464849,503683522,14567,425908,456741,961659480,1,2,0,2,151157,2921
282,520,2365971371,1272749101,58525,2555726,21556461,505322928,30,20,28,19,67729,15339
312,824,2444872239,2637451256,70361,7949347,67559262,534523824,17,26,58,44,72995,36657
342,793,2658038465,1358605505,46083,4691832,67620663,982454544,32,9,26,25,81717,25202
497,526,3077068724,500515698,34421,43979,30298,1101906688,8,6,5,1,226917,65
647,707,3353445227,1040684703,66353,3364847,83494145,744126672,40,16,14,16,121442,20151
251,282,2279816635,179537101,18902,517763,491308,824150504,7,7,7,5,34634,2615
282,343,2520785902,957793323,56277,1676884,24571943,388260824,30,19,8,18,57943,9038
312,825,2654493054,2152805121,47686,6651155,59732980,453818232,17,26,58,44,72995,36657
342,824,2534380666,2057594234,49894,6292195,49687007,464945864,24,18,42,33,84655,31102
342,825,2555326659,1899783199,46139,6138291,47491744,465589680,24,18,42,33,84655,31102
467,496,2549568199,704148662,110871,1241437,6570107,704272568,44,13,12,14,125212,4007
557,586,2748317268,403324249,13294,28878,24102,850145592,1,1,0,1,259975,54
557,616,2921960565,2012969649,297563,2185512,72624119,927917416,94,45,1,44,264661,8892
557,677,2825518212,6675525504,217007,7655977,378933250,498925120,71,46,13,47,235814,29241
557,766,2602913085,4176675331,120542,6891002,190763890,463269408,33,27,7,27,141977,30055
557,796,2573569564,3743768563,69600,5904340,157576096,451289216,31,27,8,26,134997,32584
586,647,2725578569,304034574,50007,569799,9458751,578782768,38,10,0,10,132840,3422
587,646,2450709490,3095202196,59846,5566418,67754892,1182793208,38,16,0,16,112543,21339
616,646,2866993094,318988024,15896,36286,46099,564003808,1,4,0,4,271478,143
617,646,2747784994,307874836,17357,36321,44479,725582568,1,4,0,4,271478,143
617,707,2652484100,3217400168,85545,5002177,197381721,1204721408,30,38,31,46,169526,25750
679,707,2604088616,794750212,107398,1303960,20287812,727566216,55,15,8,15,162795,6918
282,401,2299117565,900860658,70902,2292623,26055585,491082128,41,16,21,15,72584,10844
282,792,2443206011,1207669992,36936,4394371,54193806,951713912,23,15,40,33,60127,30342
401,793,2353084783,1140172933,41186,4918616,19157217,583013152,33,6,26,21,85980,20426
438,466,2500089315,223552963,8457,21463,20942,659906072,1,1,0,1,141820,45
438,467,2499015654,220660612,13466,205339,232498,752185576,2,3,1,2,122228,1013
438,646,2477846235,2114076161,55348,4109170,39136883,789679688,31,17,9,17,115968,18232
527,737,2399676937,4197977183,41813,5100976,42686429,817182408,10,30,25,36,114015,29740
557,826,2686905624,1783693408,38646,4062709,75993810,622048904,25,14,14,14,106219,22727
650,707,2491549045,1016709714,98355,1248869,18675521,945682456,55,18,1,18,164989,6795
678,707,2929501534,616964042,128002,523632,8756992,612837152,57,13,1,13,307570,2379
282,460,2446006528,1070000209,64286,2251109,24694221,987980304,38,16,24,13,69374,13601
282,761,2429968537,1207498040,43052,5144240,57349817,609177152,23,15,40,33,60184,29246
282,823,2382660720,847578226,25750,3039670,14635998,968030704,14,13,26,14,47134,22130
312,520,2485756705,1146542217,68487,2457678,22325512,547489368,32,25,32,25,86234,14581
401,796,2230943242,1563496975,35948,4753028,13745501,1148735592,23,13,40,28,79270,25785
401,824,2278310324,1651607152,38055,4853937,14014911,906917552,24,14,41,28,83374,24003
401,825,2347112697,1711587240,38316,4913893,15137187,673223712,24,14,41,28,83374,24003
401,826,2278172962,1645522703,58515,4847342,14638017,1268838176,24,14,41,28,83374,24003
408,437,2415698192,5839765152,30128,3192606,11122869,845978544,11,12,20,18,108421,11854
408,646,2337087002,4933468152,25970,4627433,17232413,1113133424,12,14,12,16,71506,21244
431,793,2332826615,1363700041,39392,4828310,17896945,810815104,33,5,25,20,85922,18434
437,467,2571208123,220117188,12757,202976,238266,897315296,2,3,1,2,122228,1013
438,496,2514810143,1721549129,166108,2255721,46985478,894829640,38,45,22,45,158670,8642
438,526,2450302955,2232361528,84046,3010736,47469709,1031062848,36,30,13,30,139330,12430
460,793,2356077891,1233650580,37672,4132179,12969790,915115696,33,5,25,20,87504,17581
461,793,2310532399,1291268182,38745,4772486,13283609,811328256,33,5,25,20,87504,17581
490,793,2482691792,1120671800,40656,4465672,13477811,732116928,34,5,24,20,89406,17137
556,677,2791694960,6787425106,219569,6952320,320771542,1109573368,71,46,13,47,235814,29241
557,676,2738789402,6272973496,211989,6018680,254603364,371188240,71,46,13,47,235814,29241
593,707,2456681348,4603699496,79781,6062977,53399384,810665384,51,12,13,13,145310,24008
646,826,2877186736,1547670702,45619,3015024,62161171,801935344,26,19,17,19,134456,18941
651,707,2333348248,3380079691,89775,5027884,55961486,745480928,54,13,14,14,154767,16882
707,795,2675716138,669356718,20239,1412455,9180292,453297392,10,13,17,15,152786,8701
282,342,2432349057,1330726959,240837,1486884,70950264,910413464,106,17,3,15,132578,9184
282,431,2422610089,939770310,69842,2800767,28175553,551846800,38,16,24,13,69374,12267
282,461,2509099102,1057216068,89723,3336976,40786165,928083400,38,16,24,13,69374,13601
282,490,2438238942,1032149692,59011,2601635,24417333,566946624,37,14,22,13,68308,14203
282,580,2379656054,796203961,44165,2024019,20315836,856352208,30,13,20,12,61340,15037
527,646,5002747891,7589801860,4609203,41829511,183456686,548886000,13,57,21,59,172048,36660
707,766,2750044781,1504740665,1996373,1887977,91428552,542571280,39,28,3,28,215219,9339
795,826,3177867022,1084225600,427992,40311,277126,788722712,1,1,1,2,397875,6
527,707,2589446382,2021777965,768050,5259681,134501933,760917416,10,32,35,35,116820,27230
707,796,2826617644,1703199215,1174246,3598858,56177768,618643736,24,31,7,31,200689,12131
527,556,2625636443,5455738218,1061802,6060129,19511900,463590320,11,26,38,35,193846,25768
527,586,2696294203,6119421056,2156145,7450319,56876333,624401448,16,63,19,63,190267,32279
557,646,2675946715,4162558992,1313937,7205009,90912303,747408376,29,30,6,32,162758,28561
527,616,2546753039,6295473314,1909912,7641671,51109145,954908536,13,59,22,61,177323,34398
646,707,2829609606,1045605440,2182743,3295830,52852539,592651528,40,27,20,27,168885,13131
527,676,2692490871,6795243995,1550313,8311088,69154777,874719704,12,55,27,59,166663,42256
527,677,2416958459,1597003085,554537,3441968,22773405,710730312,12,26,24,28,76988,18978
795,825,3126554061,991218813,303047,26475,16491,955700656,1,1,1,2,397875,6
527,766,2468512537,3685410033,500385,5089356,45750153,770548984,10,26,20,31,109258,31559
527,796,2416369360,2645258413,453011,4863634,42182742,1052067200,9,25,20,32,102278,30932
616,707,2618554929,2704681652,1431424,4257817,116308599,1164689072,30,32,28,40,148644,21534
646,796,2820249113,2802998092,1769005,4034446,110154749,1332090520,36,33,8,33,168883,21626
282,796,2477068192,1373888876,718314,5075424,64488532,1235600320,23,20,45,38,69524,33816
282,826,2524329416,1829243151,930481,8325280,53529066,1074077120,16,26,59,44,66918,37638
527,587,2413875527,722312014,350998,992923,9271451,617167696,16,22,18,22,111661,4276
527,706,2413573122,7518256915,393943,10905239,111990392,1053581120,10,55,38,60,169390,49382
557,707,2625328282,1842111084,141229,4678534,73172868,970099568,22,22,26,26,121498,25247
586,707,2743708960,3415823327,241687,5760247,198295583,1341799904,30,35,27,42,157643,28758
282,793,2507607547,1437130774,126445,5826964,66529523,959142056,23,20,45,38,69524,33816
646,766,2836218852,3416740752,341954,4212366,119053114,1250192072,38,37,7,37,182513,19341
680,707,2493119972,771593569,641071,1965484,49218773,1446147232,57,18,1,18,172024,7510
707,826,2911850756,1224408568,142578,2071241,22738296,993530592,17,21,24,23,175039,12947
282,824,2505448602,2079231563,171569,6431527,61797680,853308712,16,26,59,44,66918,37638
496,526,2605975018,510360541,37620,200449,172628,1050810384,1,1,0,1,210630,1041
681,707,2581142168,670697196,349142,1291750,30031593,1356088920,57,18,1,18,172024,7510
282,825,2392040549,1840073888,115393,5343595,51511765,1358541080,16,26,59,44,66918,37638
527,617,2562242093,617682199,77207,1036377,7360235,691617200,13,19,21,21,101138,5131
527,826,2452283594,1092995437,48473,2347574,11896595,1235464000,3,20,20,21,83317,23453
587,707,2402048520,2148697348,341744,8845994,150162204,1214179824,30,19,14,20,101775,26267
616,677,2708648522,2033092580,196202,2116108,45854849,999687056,33,23,15,25,103149,8940
676,707,2882106133,523165176,63477,851267,6895566,1200815584,6,6,0,6,187865,5225
312,796,2581904514,1405899923,246674,6156997,123158546,813454504,24,20,44,38,75601,32679
312,826,2447791524,1855495472,84834,5037263,61810172,1535638176,17,26,58,44,72995,36608
342,796,2601748628,1267677679,48088,4826132,79397983,1075552040,32,14,26,30,92304,30827
342,826,2490707453,1853177541,48460,6924317,76852304,859102112,24,21,42,36,89698,34945
527,647,2632383106,578741172,26781,994500,7132549,1127063744,13,18,20,20,99073,6104
616,647,2699896160,198812106,21619,277936,939449,1201901168,5,10,4,7,137868,1814
646,677,2777611736,282591261,24727,338619,442270,1314159272,9,6,6,1,117901,1597
707,736,2835071760,723608037,41320,538436,3609283,1538621776,19,9,11,12,244075,3156
281,282,2188352955,216453621,23614,728979,452802,683251736,10,8,8,7,43381,3031
312,793,2529541178,1377057749,45197,4810620,64108112,1209783472,24,20,44,38,75601,32679
467,497,2295693014,127529179,10622,162088,220737,1340420672,1,3,3,5,66865,1078
497,527,2376698648,418218890,15570,905581,3969701,1545710232,7,7,7,7,88742,5779
556,707,2575511063,2649532631,63072,5180941,117869976,811683736,22,34,36,43,147329,27060
586,677,2604354605,1891403416,59109,2150342,41200065,1545369792,33,21,12,22,105315,11358
707,708,2738867092,442819137,15445,481430,461135,706987912,1,2,0,2,151157,2921
282,520,2538277190,1063048226,93836,2446949,25704188,1135303976,30,24,32,24,76433,16103
312,824,2430449605,1899874962,45636,6070025,55544636,949002304,17,26,58,44,72995,36608
342,793,2601190134,1280154363,47964,4912317,79230785,1432187592,32,14,26,30,92304,30827
497,526,2360487147,1475839658,58069,3153689,18496199,1044162608,16,18,16,18,93553,12449
647,707,2314481532,855783463,61161,3350006,72650353,1453704336,40,16,14,16,121442,20151
251,282,2134164348,199273454,25098,706660,948365,1565384976,12,17,16,14,32781,3310
282,343,2622209295,1589644523,384101,2285879,142742646,1210096496,106,63,3,61,191265,11691
312,825,2513281164,2036379379,44188,7806649,56875935,1023998208,17,26,58,44,72995,36608
342,824,2554049789,1854003787,48971,6662056,77067825,771600600,24,21,42,36,89698,34945
342,825,2528631958,1733656469,47872,5952264,70857264,1450765632,24,21,42,36,89698,34945
467,496,2446852502,571685969,78127,835677,3129306,712070264,44,12,12,13,124598,3135
557,586,2496775746,3924731175,39770,5628803,17936825,1462905928,12,16,25,23,186162,24342
557,616,2636488939,3895348740,67762,6335275,72464458,1222953416,30,30,6,32,166133,26383
557,677,2376739213,1769780764,29988,2433384,30318235,159731248,25,15,12,18,79589,16166
557,766,2497866751,2575911915,38754,4929943,50500298,366385640,16,14,17,22,102454,23946
557,796,2529540775,1901793908,20040,2963355,25909733,271462280,12,16,18,22,95474,23139
586,647,2835509279,311251641,59970,705731,9233842,391699176,38,10,0,10,132840,3422
587,646,2600128915,2982848356,57975,5104308,70254850,804918328,38,16,0,16,112543,21339
616,646,2799366230,378188354,23199,80747,132227,97387320,1,3,0,3,288867,375
617,646,2370100844,3076307992,27274,5100419,5203389,506868224,12,7,7,7,115227,20706
617,707,2476369856,1922333278,50458,4248308,75738286,345247584,30,15,14,16,91154,20620
679,707,2510120161,624475094,93289,1274783,31305526,557368736,57,18,1,18,172024,7510
282,401,2395821222,895058123,73038,2300947,26615135,185127848,38,22,27,19,81110,11974
282,792,2420379516,1381908811,42351,4837671,62132041,733134984,23,20,45,38,69524,33816
401,793,2326336101,1113763294,40141,6077009,23490997,256726968,33,6,26,21,85980,20483
438,466,2277672127,5668052125,22874,3726923,12301059,794751936,12,14,21,21,73087,15656
438,467,2312662919,5671115689,23392,3557534,10170746,536622440,12,14,21,21,71619,15656
438,646,2274417642,4632699535,24057,5064028,17383678,702424664,12,15,12,17,79547,22567
527,737,2481833148,1421926465,22152,2081077,4668094,1279933080,10,14,21,16,64142,12575
557,826,2413623615,915254035,17878,2648630,8310294,862984536,3,15,30,25,77598,18654
650,707,2429955893,963752681,96194,1245283,24743313,1177970584,55,18,1,18,164989,6795
678,707,2462868204,643268697,98087,1386676,37891853,588108568,57,18,1,18,172024,7510
282,460,2496730368,1011495296,66840,2299883,25753794,990616368,38,20,28,17,78078,14141
282,761,2429646686,1256961883,41238,5130076,50457159,618205744,23,16,42,34,62502,29236
282,823,2485300523,1859859687,40844,5088072,49048937,1340434568,16,26,59,44,66918,37638
312,520,2553775870,1026776757,66571,2372034,22179275,847478544,32,25,32,25,83830,14581
401,796,2266742366,1114703624,39349,4179502,18161469,1252647120,33,6,26,21,85980,20483
401,824,2490532114,1565761580,37216,6008617,19837467,976912680,24,14,41,28,83374,24012
401,825,2241407225,1599133809,36882,4962818,15646277,708885608,24,14,41,28,83374,24012
401,826,2177577613,1527549896,35708,4206189,14107373,1310314432,24,14,41,28,83374,24012
408,437,2213745994,5188208080,23543,3014695,8558196,848193856,12,13,20,19,69705,12937
408,646,2270207086,5438245169,22928,4276496,15657708,344658272,12,14,12,16,71506,21244
431,793,2369954989,1169626594,37745,4034230,11956474,746905680,33,5,25,20,85922,18434
438,496,2391103813,5904660404,25562,4413128,13908339,685061928,12,16,23,23,67997,19307
438,526,2431832168,6251333156,36622,4768495,22257690,709999768,12,27,23,34,96367,22366
460,793,2320324521,1051707294,37365,3588682,11980440,1077007232,33,5,25,20,87504,17581
461,793,2409496396,1062516212,40747,4386166,12985882,640527864,33,5,25,20,85922,18318
490,793,2357187012,973756053,38705,4278205,12307801,1007555264,34,5,24,20,89406,17137
556,677,2607742172,1882688056,84492,3136500,46138474,808113368,25,24,18,27,100809,13681
557,676,2484850589,4858045334,64464,7447722,106191255,1123830888,25,32,14,35,158030,34256
593,707,2419268975,4596924280,128307,7148058,46814994,1148257856,39,24,25,14,143404,25566
646,826,2731519219,1602940370,47348,2974830,57195672,208358184,26,21,18,21,139147,17229
651,707,2533566500,998237533,94076,1219121,24900366,530155848,55,18,1,18,164989,6795
707,795,2859882317,1585865969,71193,2319590,36993427,383554984,24,31,7,31,200689,12131
282,342,2611343635,1610038731,381438,2333410,141658717,974871656,106,63,3,61,191265,11691
282,431,2495448549,903867805,64394,2092893,25895266,418785632,38,20,28,17,78078,12712
282,461,2486957553,1017351632,64932,2309656,26877040,830960992,38,20,28,17,78078,14157
282,490,2449911114,1031910131,63807,2897944,26663214,334008832,37,18,26,17,77012,14835
282,580,2457406524,802014335,45506,2167977,21860073,654869776,30,16,23,15,68415,15691
282,757,2533270565,1009966842,56876,3986008,51363473,147408072,28,17,22,16,71087,24712
282,760,2429022003,975094529,45853,3107764,47882765,539579856,28,17,22,16,71087,24712
282,762,2483702684,1476562711,44584,5894674,62025748,190243288,23,20,45,38,69524,33045
312,823,2453532060,1841257514,39969,5047174,51445430,924112024,17,26,58,44,72995,36608
342,823,2483745887,1799156945,46199,7883142,75532847,690534840,24,21,42,36,89698,34945
372,793,2615603622,1642942190,61038,8349345,126315004,454461088,33,22,23,37,129118,33995
372,796,2621326957,1658406738,60779,7353648,129809701,198015776,33,22,23,37,129118,33995
372,824,2644040707,2052923073,84805,7470411,102219260,991113832,24,28,43,42,121749,37633
372,825,2601031767,2018173762,52402,5752806,87024805,857677976,24,28,43,42,121749,37633
372,826,2548279392,2159533744,55336,8743292,106636011,806149312,24,28,43,42,121749,37633
402,793,2523749719,1425976834,59262,6343922,110859210,588600192,33,22,23,37,124474,32858
402,796,2559421102,1483785103,80039,7592216,99270606,392818608,33,22,23,37,124474,32858
402,824,2573920093,1959615576,64629,7175526,94407264,406958368,24,28,43,42,117105,36614
402,825,2507432031,1956486526,56684,6847861,93198872,421018632,24,28,43,42,117105,36614
402,826,2462456867,1958380747,53737,6740877,90506963,446527768,24,28,43,42,117105,36614
408,466,2306410180,5544904739,19839,3449305,10754152,970772224,12,12,20,18,67390,14103
408,467,2335414069,5422125443,21300,3251064,7414398,618841160,12,12,20,18,65922,14103
408,496,2206987064,5912738701,22593,4082702,11352874,542099128,12,14,21,20,60665,17638
408,526,2361641306,6225461763,31824,5004573,21923396,1318841112,12,23,21,29,80148,20581
431,796,2417536049,1231030504,37196,4281395,12787495,242690384,33,5,25,20,85922,18434
431,824,2311222089,1483800656,50386,7025502,15141318,797495600,24,13,40,27,83316,21864
431,825,2393657987,1455349267,34214,4945292,10863032,524844784,24,13,40,27,83316,21864
431,826,2253707834,1463234346,36190,5277198,11095149,227729392,24,13,40,27,83316,21864
460,796,2335088164,1006118507,35910,3833614,12097780,611535216,33,5,25,20,87504,17581
460,824,2417327012,1450343613,34504,4725139,10732557,294070816,24,13,40,27,84898,21034
460,825,2329760351,1395133798,32854,4317503,9769765,853396384,24,13,40,27,84898,21034
460,826,2087982352,1489176268,55095,5986351,16694529,508698224,24,13,40,27,84898,21034
461,796,2387298141,943577871,36636,3835088,12259089,910714376,33,5,25,20,85922,18318
461,824,2504044085,1498059472,33604,5187828,10248192,609372528,24,13,40,27,83316,21751
461,825,2340630731,1454761114,37847,4680770,10169227,295273256,24,13,40,27,83316,21751
461,826,2234075859,1389571656,26163,3063711,7173471,856292312,24,13,40,27,83316,21751
490,796,2275341381,1025696897,58618,5641004,13848875,354186176,34,5,24,20,89406,17137
490,824,2315065333,1475863099,46888,3979870,9870594,901603272,25,13,40,27,86800,20750
490,825,2267156042,1437536622,34890,4011757,10138956,580323712,25,13,40,27,86800,20750
490,826,2254462983,1489124366,56560,5760173,11571881,313911480,25,13,40,27,86800,20750
496,527,2567035354,501580979,30147,537186,4819089,446034080,19,9,8,9,132913,2809
520,793,2324473569,944621364,54392,3682499,11516067,825873912,34,5,24,20,90575,16300
520,796,2346702518,922837073,40526,3869993,11992420,340749288,34,5,24,20,90575,16300
520,824,2420469775,1507375095,36318,5610480,12351151,122667960,25,13,40,27,87969,20001
520,825,2478841328,1395306324,35672,3859091,10194061,679474912,25,13,40,27,87969,20001
520,826,2253101294,1393685929,36280,4564618,10503832,433033200,25,13,40,27,87969,20001
528,646,2197573894,2931372853,21501,4629446,10104978,250440072,12,13,14,13,66831,20489
557,706,2526391959,5110035676,66502,7652532,114779528,834427624,22,35,28,39,161987,41035
580,793,2214850751,1024209781,28906,2824258,8274048,420493840,37,4,23,20,92373,15092
587,766,2378052259,2798474869,28380,4686263,55755325,660265032,20,10,9,14,79212,23173
587,796,2401049019,1763894773,34200,3880329,39386249,484816552,15,12,12,16,70150,21397
592,707,2540770049,4682765934,87871,6533148,87178203,393399848,51,16,14,18,150273,25970
621,707,2777506595,3808803932,88305,6415838,90058130,904805432,51,16,13,18,152365,21341
622,707,2390175860,3698676174,89538,5685581,77989794,479816240,51,16,13,18,152365,21341
649,707,2510924891,962156347,93840,1220608,24528104,786972136,55,18,1,18,164989,6795
727,793,2213942330,944641312,48749,3263223,9544467,545818408,40,6,26,23,96669,11232
727,796,2283058507,896036862,46367,2855617,9288547,905885520,40,6,26,23,96669,11232
727,824,2308392618,1765850330,45346,5296847,13339625,609869856,30,14,43,29,93931,16158
727,825,2394766231,1555845836,43636,3700136,11396045,1222013048,30,14,43,29,93931,16158
727,826,2386156122,1513219403,43334,4002614,13023326,900621184,30,14,43,29,93931,16158
790,793,2281312857,320176328,67578,778417,75231,1152675960,51,5,5,0,106364,3069
790,824,2244706641,1190384578,56845,1982599,6344742,705744312,36,16,26,10,104414,8773
281,342,2093920000,231626390,15548,780832,5571527,831770472,7,13,4,12,32139,6602
282,312,2559550307,384404362,16086,23604,16683,957802080,2,1,0,1,219403,18
282,550,2422673371,1077045503,52084,3045342,27134951,1335827784,30,20,27,19,72196,16182
282,579,2406188070,801681719,48449,2189313,21407336,737818288,30,16,23,15,68415,15691
282,609,2449205292,777597263,46190,2187945,21120575,1063772832,29,15,22,14,67535,16197
282,639,2470706790,857446084,71358,4659353,26771681,492655136,29,15,22,14,67535,17130
282,756,2512222703,994098066,46685,3114961,48376799,877663552,28,17,22,16,71087,24712
282,758,2414032835,1069065455,49680,3195817,48083498,1262683160,28,17,22,16,71087,24712
282,789,2541815152,1341166398,42143,4484012,35890949,902010200,24,19,46,33,66502,27056
282,790,2502307826,1417939507,43495,4391233,35071125,608143016,24,19,46,33,66502,27056
283,313,2698931727,416981226,14180,23539,17765,739173832,2,1,0,1,219403,18
497,556,2268439145,766973414,19869,1766484,7924420,1083135992,7,17,13,17,66598,10969
497,646,2270155628,516637949,15977,1811608,5977802,495895336,6,11,9,11,55782,10347
527,736,2438133904,3744134106,40686,5468673,47347876,580365096,10,31,26,37,118108,30206
550,793,2252740356,998363928,39381,3483992,11289813,938758056,36,4,23,20,91774,15735
550,796,2208816805,950125117,38783,3517153,11079793,1315068904,36,4,23,20,91774,15735
550,824,2263299715,1430578625,37115,4521858,10387750,990213112,26,13,40,27,89168,19608
550,825,2216531329,1488172061,39299,4575713,11079786,669205184,26,13,40,27,89168,19608
550,826,2214051554,1425689069,44120,3935184,10547085,1234823696,26,13,40,27,89168,19608
579,793,2293004131,969975973,40476,3932665,10627766,675817784,37,4,23,20,92373,15092
579,796,2240339507,988616686,60960,4877403,11086165,1058966640,37,4,23,20,92373,15092
579,824,2252514591,1502919744,39131,4659334,11475350,724372040,26,14,41,27,89767,19237
579,825,2337334426,1433333177,37415,3952785,10200567,1280233312,26,14,41,27,89767,19237
579,826,2366951653,1534579225,38945,4370394,11077309,916843648,26,14,41,27,89767,19237
580,796,2444508835,955914881,27380,3413999,7681225,1287406528,37,4,23,20,92373,15092
580,824,2175777260,1504019280,40318,4514567,10985053,940114072,26,14,41,27,89767,19237
580,825,2232261722,1517145540,40757,4919595,12011931,583863160,26,14,41,27,89767,19237
580,826,2243567751,1454078697,38969,3855869,10521875,1147322800,26,14,41,27,89767,19237
587,826,2344934871,922830974,16022,2857232,14133886,628604776,6,11,19,14,53978,17748
609,793,2227774752,953415941,40832,3715607,10201408,1006933344,38,4,23,20,92943,14558
609,796,2224812643,954300433,41401,3422402,10711252,1366342168,38,4,23,20,92943,14558
609,824,2334996988,1449315210,40163,4293337,10604070,999365360,27,14,41,27,90337,18850
609,825,2249981819,1556627432,41613,4888559,11788061,683053880,27,14,41,27,90337,18850
609,826,2209289802,1463700329,39158,3897114,10809793,1266114568,27,14,41,27,90337,18850
617,677,2320731271,1414762122,44048,3204844,35452638,938936904,33,11,8,12,74666,13147
638,793,2260890692,904280849,41370,3309647,9415891,1297636592,38,4,23,20,92943,13598
638,796,2296226148,917504770,64823,3733813,9658262,787433128,38,4,23,20,92943,13598
638,824,2282680858,1459150641,40584,55183718,8798691,563469488,27,14,41,27,90337,18004
638,825,2293874273,1585817638,39210,3769153,10658207,1123141544,27,14,41,27,90337,18004
638,826,2379849982,1483321291,41980,4411006,10861128,870589856,27,14,41,27,90337,18004
639,793,2223832732,910187167,43336,3345499,9958615,1226580568,38,4,23,20,92943,13598
639,796,2258807046,908780090,42780,3706869,9923657,806932264,38,4,23,20,92943,13598
639,824,2291868433,1549216342,40844,7034843,11624235,644505624,27,14,41,27,90337,18004
639,825,2213577036,1480461777,39186,3803803,10501897,1211341424,27,14,41,27,90337,18004
639,826,2315330792,1454705636,39686,4151378,11029085,1042344712,27,14,41,27,90337,18004
668,793,2293107238,1079626516,72995,4351472,10286440,809568816,40,4,23,20,94821,13361
668,796,2356772461,1059721779,44924,3366327,12514207,1178199888,40,4,23,20,94821,13361
668,824,2455525216,1672785295,42869,3979932,12770659,1114373072,30,13,40,27,92215,18024
668,825,2105410246,1584107665,44245,4418139,11568363,1049772568,30,13,40,27,92215,18024
668,826,2845390650,1620739305,43139,4471041,11385515,1011313792,30,13,40,27,92215,18024
697,793,2148816276,896462269,45674,3290958,9738000,824138344,40,4,23,20,97586,12130
697,796,2438877773,965188174,47324,3986670,9946421,592776072,40,4,23,20,97586,12130
646,527,5511455902,2915161963,5075656,16009803,250905485,103123536,57,29,5,25,168982,13868
647,646,2442342256,2177243461,182299,7053770,14882361,625356576,9,4,7,3,140674,17542
796,795,3275582227,509113535,256170,118777,129849,291422936,4,1,1,0,291720,225
766,707,2629996205,1515011072,528806,2916276,16343767,325888584,11,25,14,26,118597,16137
826,795,2963245945,2797457030,3709253,2206747,3529811,391222480,81,11,11,4,281552,6596
707,527,2825701426,1648453500,830352,4973512,63485369,1010901912,20,25,12,26,116820,19250
796,707,2965206334,2962509329,3238659,5263906,155734576,340471976,59,33,7,33,200689,24876
556,527,2718861637,412500972,2276779,692818,2323240,513964464,68,6,6,3,128212,2323
586,527,2630426141,666873744,2417210,1223137,13334320,795508360,70,4,2,4,129038,4789
646,557,2633925899,1726147796,2939242,2896759,37335020,547294560,57,32,8,25,159692,10992
616,527,2528708687,1597282999,2154236,2713133,20143889,298971920,66,4,3,4,126617,8831
707,646,2701847987,2197236039,1444234,4403679,91831516,260191272,30,32,19,34,160524,20175
676,527,2595616896,1895941546,1973331,3381285,61089654,996409048,44,27,3,26,126694,16006
677,527,2354847152,166752330,147021,661811,3506233,150053240,8,8,6,9,76988,3945
825,795,2395877983,570307333,720517,985312,117424,377500440,31,4,4,0,78169,3987
766,527,2562490263,1013402221,543624,2589742,23157745,797413744,16,17,16,15,93771,15092
796,527,2820218886,1196769169,249454,3332034,35236934,423360968,16,19,21,18,98185,20037
707,616,2587869208,1775404524,127611,4453546,61878706,286742560,25,17,11,15,97809,21354
796,646,2815109119,2573786344,259899,5121587,71550927,458062992,25,28,32,29,145323,25149
796,282,2647194129,165717850,24727,1178003,2349609,616331184,5,5,9,6,55859,8685
826,282,2611008094,182437971,25583,1129958,2570798,704531880,5,6,11,6,57794,9570
587,527,2432401414,334750677,105525,529604,2109430,880656480,32,5,4,5,111661,2019
706,527,2577184510,3437178853,266827,6335185,76035149,462119000,41,23,22,23,111895,21944
707,557,2650710078,1873075258,143120,4001160,58333667,378633728,22,25,14,26,121498,17805
707,586,2748628466,1920010696,108526,4690979,56343840,301393184,24,15,10,14,95320,22519
793,282,2376049237,185145919,29470,1036593,2498834,390966880,6,6,10,6,56535,8842
766,646,2588128742,2091699556,157046,3720947,47555926,363957280,26,23,21,25,138559,19236
707,680,2701284488,2008803972,340280,2629850,33399561,1098651656,54,20,13,20,147111,12418
826,707,2891584746,4625769567,471527,7232055,168012127,1062746248,58,32,39,32,175039,31788
824,282,2340729085,221885508,38672,1870838,3449181,1153217920,6,6,11,6,55172,9438
497,496,2640119628,1042968729,79087,1790865,2367729,723728128,5,8,16,10,73549,8674
526,496,2546225066,267617988,17829,81178,95080,813839000,1,1,1,1,147808,247
557,527,2738949609,228233271,25315,19777,22843,903895520,1,1,1,2,177999,32
707,681,3037768593,3278615794,482524,6349830,65555023,1178768568,47,24,24,28,147133,17160
707,706,2787586672,335551101,49178,239174,358297,334310840,1,2,3,2,128054,909
825,282,2364705656,186699515,39521,1290023,2643927,424262528,5,6,11,6,53571,9178
617,527,2424961909,345695481,105370,812904,3082146,586182184,32,5,5,6,101138,3628
826,527,2731880741,1319718354,82371,2941040,32047694,1125947920,17,16,20,16,79224,21340
707,587,2683694514,633134160,62876,1751122,14488096,490126720,8,19,18,21,101775,11100
677,616,2366393466,236047203,28633,1291240,1687233,593930888,5,8,4,9,62086,7993
707,676,2673599914,871812017,759974,3332075,48960556,939957064,47,16,1,16,108995,12963
796,312,2707625206,213879221,47596,1634843,4857036,1026453696,8,5,9,6,52543,10966
826,312,2778398705,349068306,20654,2689072,8623594,1147546680,9,5,8,4,54478,11824
796,342,3028074315,980232410,29072,5621608,22970282,627704072,23,6,3,5,81119,22576
826,342,2877779005,987001638,38660,4348397,25615148,991433288,24,6,3,4,83054,23206
647,527,2448642580,483054627,58021,1856497,8328533,352752080,31,7,4,7,99073,5217
647,616,2517396978,1839627267,33755,2830309,2479469,1118483552,11,9,6,9,77731,18291
677,646,2414645435,360832410,19949,1456670,17098173,496226040,5,17,4,17,109346,9114
736,707,2359056604,1147806075,41728,2352573,26699111,1019112136,13,28,6,30,96766,16477
793,312,2218337356,234100089,15056,1761016,4394598,372670072,10,4,6,3,52254,9846
467,466,2331609713,155025621,9987,21531,67632,431986968,1,1,0,1,96899,6
707,556,2623818749,1788955954,36229,4585859,61454351,568558520,22,14,9,14,76292,22675
677,586,2404431055,269123979,13329,1390830,2662319,711525144,5,6,3,6,60231,8541
708,707,2454662525,206092818,13930,877397,1695754,825878536,3,2,2,2,148821,5723
520,282,2222842195,204753286,18378,599851,697757,925939680,12,7,9,3,62548,4696
824,312,2223689775,239666704,15470,1593421,3494486,1025997440,10,4,7,3,50891,10535
793,342,2464777483,693037372,52692,3319920,6415115,591475392,25,3,2,1,77789,16676
526,497,2379714055,71045672,9813,173822,426221,637303592,5,5,4,5,49178,834
707,647,2699695579,731616718,33321,1672723,12836468,940514920,10,26,11,27,121442,11606
282,251,2356862202,176466755,20949,419473,3561207,1019580192,12,11,13,11,27804,1964
343,282,2265448557,388693987,34576,930413,3733898,486250144,15,9,14,13,55141,5203
825,312,2386802269,223380404,14268,1620229,4176663,592374560,9,4,7,3,49290,10414
824,342,2343573450,804033781,27906,3740833,7643223,924002280,25,3,3,1,76426,18161
825,342,2398239663,838878383,38136,4978047,7309899,585590688,24,3,3,1,74825,18689
496,467,2401216119,190519671,14650,374419,827143,687904328,5,8,8,4,91708,1734
586,557,2573675325,337106937,109900,429936,840869,815819472,74,3,2,1,116281,1543
616,557,2516574824,1307689931,152492,1577401,2238807,679885368,69,3,3,1,113693,5843
677,557,2408542265,142681310,15322,427349,2296440,741600088,8,8,6,8,79589,3200
766,557,2609335041,876834665,33827,2314655,19086074,525956656,16,17,16,15,87746,13956
796,557,2772823648,1107411804,36050,2878159,27547968,391524496,16,18,21,17,91381,17491
647,586,2326618219,1974546506,17720,4299817,4859490,591814632,11,7,6,7,74932,17802
646,587,2655847089,563075410,53097,1282774,20757618,836885888,28,10,0,10,108457,7526
646,616,2833510956,498805864,20659,1209890,1583851,485397584,3,5,7,4,210842,8737
646,617,2778769271,524667135,40988,1202098,15087880,722480040,32,9,0,9,110272,7108
707,617,2721498644,598473476,27283,1867852,13223214,433721144,10,19,18,21,91154,11149
707,679,2899166747,1308324357,126447,2882579,78096177,404864728,55,21,10,21,162795,11688
401,282,2354454991,226478156,35269,816687,721989,606675832,15,8,10,2,70479,3872
792,282,2491916916,200557591,13799,885741,1634527,697500072,6,7,13,9,56470,8285
793,401,2322172854,1110750544,38353,5036265,2007635,623145112,34,3,4,2,84737,18885
467,438,2328898169,755946569,43893,1693525,2495826,444077736,28,3,2,2,71619,4174
646,438,2696825727,496304923,25432,1927713,20970763,652105832,19,8,0,8,76481,9825
737,527,2497036153,239992204,13138,1061973,8090331,784465384,3,11,4,14,64142,9062
826,557,2729424981,1173293338,45431,3465389,26572677,382789552,17,15,19,15,73505,18796
707,650,2707697919,1695958123,105061,2872316,49639817,562426408,55,21,13,21,162119,12797
677,676,2282818198,198125238,13889,1406406,2304350,672390496,5,4,3,5,58938,8978
707,678,2773184529,837321864,99299,1262952,24531132,512605072,56,17,6,17,158166,6113
460,282,2231406645,245405788,20902,624793,679077,613295944,14,8,10,2,67250,4621
761,282,2242474435,179083186,14482,769426,1328351,691606120,6,7,13,7,54979,7629
823,282,2595339710,79649402,11200,648912,840736,747547400,4,3,6,3,46062,4992
520,312,2188918080,243662931,24546,908470,635379,859463528,18,6,7,2,62305,5070
796,401,2825467247,1248121297,50190,6236072,2398440,792079144,31,3,4,2,79270,22175
824,401,2365360319,1323794561,39433,5012787,2253801,758446992,33,4,6,3,83374,20790
825,401,2462032966,1216168543,36729,5285199,2080304,736050472,33,2,3,1,81205,21168
826,401,2705016352,1306580338,35054,5899421,2929870,753748352,33,2,3,1,81205,22451
437,408,2396302352,258728469,27363,296526,30760,841894216,26,2,2,0,69705,1149
646,408,2530706094,351003061,22067,1588801,12041925,506344128,15,7,0,7,68721,8650
793,431,2294083069,1350925692,90185,5053487,2212742,518862152,36,3,4,1,84679,19100
496,438,2388291829,59777827,6823,178065,230373,629105936,1,2,3,3,53445,944
793,460,2402459022,1292654707,41278,4928216,2048671,692717016,38,3,4,1,86261,19323
793,461,2313768156,1197006711,61123,5679249,2835370,713882472,36,3,4,1,84679,18894
793,490,2425960755,1358613358,64161,7027193,2291086,414287360,40,3,4,1,88163,19403
677,556,2307916359,184252857,10664,1244904,2002231,514444536,5,5,3,5,44313,7765
676,557,2560868979,1853553861,102748,3248041,57689513,430367712,47,27,3,27,115460,14109
707,593,2726864474,4839767097,70436,6436803,75607534,654450832,39,20,25,26,143404,28480
826,646,2843161238,2513912097,51492,4677454,58647712,1190379528,24,24,31,25,115850,27002
707,651,2749525219,3656772718,84340,6495365,83719274,1110950008,45,22,23,25,154767,21715
681,680,2443486677,202036607,8259,291859,587088,1213868912,2,4,5,4,156234,1805
795,707,2698474652,6985860173,125107,8327948,153151069,1138540616,51,36,47,36,152786,38595
342,282,2548712694,641991397,73712,1030994,262253,1386074184,57,2,2,0,129776,3638
431,282,2343900274,234166843,21015,611506,615321,1481276712,15,8,10,2,67447,4151
461,282,2343150813,233743984,22208,692196,648807,1595529256,16,7,9,2,67447,4676
490,282,2239196079,399542141,20479,776850,726490,74570800,14,7,9,3,66381,4766
580,282,2343672562,206944026,18012,654488,635566,168725664,12,6,8,2,59744,5174
757,282,2221531170,197694634,16456,842343,766959,262891736,12,5,7,2,59227,7370
760,282,2197510493,170906165,12794,750548,1272876,357056520,6,7,13,7,52629,7525
762,282,2330317914,194249851,12893,993822,2206278,432380440,6,7,13,7,53645,8061
823,312,2178501582,99691557,8858,697384,806538,488873432,5,3,6,3,46501,5459
823,342,2251042348,154029021,12331,979779,1824711,564197848,9,2,3,1,66496,7030
793,372,2338031721,1021156129,34205,5758045,1756753,959675352,32,2,3,1,76843,18375
796,372,2858402767,1094820148,30925,4899425,283887,469106256,30,1,1,0,72739,21123
824,372,2306390566,1074876124,35365,6122988,3136082,902244664,31,3,5,2,76843,20128
825,372,2274516667,1146486622,29774,5547406,244371,386319496,31,1,1,0,74674,20326
826,372,2677948818,1077776679,30592,4776306,282017,819466792,31,1,1,0,74674,21495
793,402,2337295279,1093854736,37115,4820666,2504759,315465528,33,3,4,2,80318,18848
796,402,2878754349,1248935821,34637,4786650,2088590,805114400,31,2,3,1,76214,21948
824,402,2334687513,1286071887,36552,6002430,2637388,356667720,32,4,6,3,80318,20699
825,402,2293100929,1186452964,33372,4669790,1970476,830891984,32,2,3,1,78149,21010
826,402,2652782127,1344972063,32224,6442158,2615642,380292536,32,2,3,1,78149,22252
467,408,2265094288,577801474,21835,1117844,2542914,672061328,23,2,1,2,65922,4298
496,408,2363684765,51109012,4290,85251,140797,690295360,1,1,1,1,49418,443
796,431,2724399631,1461800519,36349,10299899,2820557,371793848,33,3,4,2,79212,22762
824,431,2349846576,1388523764,40382,4566648,2204339,915295016,35,4,6,2,83316,21120
825,431,2297109851,1342323643,38813,6078415,2009311,577402296,35,2,3,1,81147,21615
826,431,2713511909,1409777210,37844,6348820,2451859,304424192,35,2,3,1,81147,22980
796,460,2752736703,1496581236,37990,5326905,2280930,872903232,34,3,4,2,80232,22697
824,460,2266342694,1473010347,42705,4992033,2237535,618542376,37,4,5,1,84898,21449
825,460,2280484708,1408619840,39896,6154969,2406971,400139960,36,2,3,1,82167,21477
826,460,2672504698,1510926998,39681,6851160,2586991,239310000,36,2,3,1,82167,22881
796,461,2690013570,1389217742,36035,5007121,2238726,790778432,33,3,4,2,79212,22570
824,461,2249813753,1326932219,40238,4465705,2251373,586311176,35,4,6,2,83316,20914
825,461,2362690978,1333411206,36627,5832810,2410841,428840760,35,2,3,1,81147,21418
826,461,2692708575,1452180319,90116,5987018,2377808,319347496,35,2,3,1,81147,22783
796,490,2843830811,1602105064,38931,6682126,2801926,290145160,36,3,4,2,81506,23173
824,490,2259720372,1661500701,63403,8361168,3625682,282878128,39,4,5,1,86800,21631
825,490,2278548500,1555735560,42824,6279530,2451609,263191552,38,2,3,1,84069,21825
826,490,2690524582,1659279989,42162,6576254,2607756,290447768,38,2,3,1,83441,23307
527,496,2575026829,5000044669,60008,5371519,39104550,698467704,17,39,19,39,97881,23589
793,520,2266248229,1468854600,46494,4951076,2339838,701584000,42,3,4,1,87969,19368
796,520,2848806323,1715547650,43617,8909900,3012706,623121608,38,3,4,2,82675,23471
824,520,2489199211,1867064218,76301,7031266,3409401,557570008,41,4,5,1,87969,21686
825,520,2469629390,1747527871,46495,7100146,2611616,325234552,40,2,3,1,85238,22014
826,520,2831482103,1671284179,43770,5868991,2394320,968093536,40,2,3,1,84610,23561
646,528,2588652163,263413434,31896,1500783,965258,200346592,18,6,6,1,63765,4238
706,557,2503419909,3797703925,91664,6130524,93826914,678486328,42,25,25,24,103537,20917
793,580,2416942422,1682135404,53468,6854295,2512147,340939480,44,2,3,1,90531,18405
766,587,2584342425,225866509,14450,849887,4436667,466895664,5,11,14,10,70568,7042
796,587,2874375342,308882930,15428,978090,4914394,592843896,5,11,19,10,70150,8148
707,592,2702125405,4688468430,72823,6701136,80361456,571487216,40,19,23,24,143404,27772
707,621,2850352169,4627371037,81360,7341558,104275012,481034832,44,20,24,23,147357,24823
707,622,2832050362,4717123757,83091,6694681,101442711,1280531888,44,20,24,23,147357,25338
707,649,2774422018,1245627154,94494,2390368,51894110,823647832,55,16,10,16,156732,10868
681,650,2675300622,23470572517,119621,10877327,62288626,697277888,63,19,28,14,159267,33883
681,679,2438541096,19032857638,154406,15900071,80186597,738930216,51,19,28,19,150003,39625
708,680,2425681472,1325905434,84744,2015869,7080139,1227012296,57,7,0,7,116301,8472
793,727,2400526011,1414313621,52371,3655650,335485,858271352,47,1,1,0,93931,12592
796,727,2838558041,1731976656,48523,6428240,2455330,584585920,41,3,3,1,88637,18021
824,727,2416858791,1595917163,66511,4301806,503528,1206254888,46,2,2,0,93931,15083
825,727,2337180192,1496998301,47605,4981890,589158,868289520,44,1,1,0,91200,16047
826,727,2777030456,1660267399,52348,6157847,205344,616629960,44,1,1,0,90572,17694
737,736,2382243902,54969477,8554,72907,115515,651917760,5,2,1,2,47422,332
824,790,2346740176,1569883143,68330,2738011,350890,782657480,54,2,2,0,104414,9735
342,281,2296015104,165385450,20008,473341,261514,835565792,11,4,4,2,31672,2230
550,282,2316561725,193756512,17598,583774,633957,1011950496,11,7,9,2,58381,4764
579,282,2272235851,203093429,16614,649503,641152,1100130616,12,6,8,2,58025,5343
609,282,2329593728,210026390,17015,706442,669419,1188312968,12,6,8,2,58025,5654
639,282,2324608471,234229121,17053,909980,900023,386490568,12,6,8,2,58025,6140
758,282,2275451700,165614300,13800,559686,1023228,492082504,6,7,13,7,52977,6315
789,282,2260033882,174847880,12685,567103,1312609,562459016,3,10,17,16,52977,6830
790,282,2276951400,151327256,12897,721252,1168489,650429928,6,7,13,7,51947,7198
556,497,2407299854,393488174,46390,866489,2531997,843994816,40,3,4,2,60349,3985
646,497,2614303252,780137109,60849,2807691,4785508,1143103896,35,2,3,2,55782,7905
736,527,2521882100,972111373,34066,2333626,23003894,671137936,17,18,14,18,72012,14680
793,550,2354333743,1636008867,51440,6559311,2310810,397584720,44,2,3,1,89168,18760
796,550,2782039685,1690672780,45061,5723600,2398365,1048992056,39,3,4,2,83874,23121
824,550,2309970106,1804490153,50166,5874969,2363231,836748752,42,4,5,1,89168,21149
825,550,2302566538,1714170858,47127,7672356,2813517,587203720,41,2,3,1,86437,21598
826,550,2701930899,1728633285,48367,6066290,2295278,1249875360,41,2,3,1,85809,23177
793,579,2288940891,1469668043,50182,4764963,1803351,913693288,44,2,3,1,89767,17732
796,579,2727391106,1720694681,47716,6941699,2984502,659161080,39,3,4,2,84473,22187
824,579,2364103298,1815435301,54239,6225304,2836272,437250600,42,4,5,1,89767,20121
825,579,2540889610,1617467960,46749,5383931,2118695,1054432120,41,2,3,1,87036,20645
826,579,2795312898,1825403165,47315,7173773,2775988,767427904,41,2,3,1,86408,22224
796,580,2849333175,1787738756,48216,6960881,2968491,506425784,39,3,4,2,83874,22799
824,580,2311637475,1881635292,52060,5071661,2348392,1186213064,42,4,5,1,89168,20794
825,580,2330007332,1626005771,46833,6697872,2522809,876119728,41,2,3,1,86437,21269
826,580,2692212307,1765968320,48386,7326312,2739852,613798544,41,2,3,1,85809,22848
826,587,2826511017,363025221,18168,1753207,6520188,781039408,4,10,18,10,53978,9325
793,609,2372608431,1542130209,50702,6264516,2330598,414715304,44,2,3,1,90337,16706
796,609,2839022873,1660451413,45639,5436901,2381619,1033770768,39,3,4,2,85043,21257
824,609,2347821284,1850469338,51650,5798422,2864720,740010232,42,4,5,1,90337,19095
825,609,2373908746,1637474194,46389,6968835,2753839,418535912,41,2,3,1,87606,19689
826,609,2724326836,1821527345,47586,5705249,2277833,1044858392,41,2,3,1,86978,21268
677,617,2345448991,165663705,15530,603945,2692729,1139750160,8,7,6,7,74666,3781
793,638,2278562398,1519876442,49737,5020426,2035295,701803856,44,2,3,1,90337,15773
796,638,2757396901,1699611305,45261,5101326,60047005,401980792,39,3,4,2,85043,20405
824,638,2264134134,1704875722,49376,4446033,2111306,1029718216,42,4,5,1,90337,18162
825,638,2362353095,1603637399,60196,6269869,2485022,651847392,41,2,3,1,87606,18817
826,638,2648533943,1622334875,48398,5039005,2230542,1279533736,41,2,3,1,86978,20396
793,639,2240223330,1358875936,50846,4838918,1770111,848235424,44,2,3,1,90337,16122
796,639,2743044356,1709525425,45704,7235173,3297658,527723400,39,3,4,2,85043,20722
824,639,2369293875,1647767157,50859,4683472,2126944,1175899848,42,4,5,1,90337,18511
825,639,2543079791,1577303984,47338,5876293,2328912,799215856,41,2,3,1,87606,19142
826,639,2696492361,1679558994,46049,7422616,2956070,474334704,41,2,3,1,86978,20721
793,668,2246478766,1505695095,49729,3971549,1613103,1029645088,44,2,3,1,92215,14876
796,668,2843246941,1706139676,44902,6742347,2676401,655622568,39,3,4,2,86921,19587
824,668,2316398358,1710863439,54369,5288937,3357978,1290288296,42,4,5,1,92215,17265
646,527,5261583722,3251319224,8118559,19620442,268972684,150107928,57,40,5,36,172048,14396
796,795,3093637461,569766392,254065,129538,203841,219581704,4,1,1,0,291720,225
766,707,2901041527,2351285227,4447680,5555246,288306072,579480312,69,26,0,26,215219,19393
826,795,3146819871,2423146628,3510765,1651541,6823692,1010252120,81,11,11,4,281552,6596
707,527,2814576004,1665298488,754575,2875399,145936793,777630152,20,25,12,26,116820,19250
796,707,2922852135,2906301019,3194574,8696110,242853780,993101312,59,33,7,33,200689,24488
556,527,2870666676,252035630,102306,25767,49676,223462640,1,1,1,2,192296,32
586,527,2792361913,1020748723,5073788,2562719,63521738,605541752,70,40,2,40,190267,6632
646,557,2761095229,1949914234,3661458,2957836,48289529,450497128,57,43,8,36,162758,11096
616,527,2730802261,2146379141,1608714,5347709,96241202,342100256,66,40,2,40,177323,12271
707,646,2845389151,2158652957,440384,3151895,70546052,225567928,30,37,19,39,168885,12406
676,527,2892147836,2502478808,389974,4538411,102988060,235466416,44,37,5,36,166663,17744
677,527,2417050075,157988825,37023,586354,2884341,304503720,8,8,6,9,76988,3945
825,795,2456526879,556338536,124293,1011575,106191,546150600,31,4,4,0,78169,3987
766,527,2983474884,1301978731,109315,2629421,39160048,1030092144,16,21,18,20,105165,18876
796,527,2974018581,1236963594,153432,3147547,35801006,618455848,16,19,21,18,98185,19939
707,616,2938018475,2501749625,139099,3248128,43152375,485667000,27,28,17,29,148644,13581
796,646,3283782450,3101501856,205111,5755486,89044414,673191272,25,30,33,31,150860,22167
796,282,2995889110,173987282,29235,1110976,2461072,831188432,5,5,9,6,56931,8685
826,282,2945964180,227916039,39923,1829583,4050266,918654384,5,6,11,6,58866,9570
587,527,2680700941,438662431,189886,992807,3467629,205698800,32,5,4,5,111661,2019
706,527,3651272866,4823321474,672810,9326829,172207578,873291624,41,34,21,34,165297,26344
707,557,2930183073,1984271651,142341,3419830,51529837,697594440,22,25,14,26,121498,17805
707,586,2738967616,2009649377,162572,3908202,43637367,637726584,25,25,15,26,157643,15422
793,282,2264475646,189322186,55074,1024184,2550225,731490968,6,6,10,6,57607,8842
766,646,2783208885,2387044782,258133,3614762,57871018,935095872,26,31,27,34,163564,19679
707,680,2731845040,2129399096,344968,3359238,47346215,222197696,54,20,13,20,150601,12418
826,707,2816519988,5179310945,992940,10095549,200194016,669950704,58,32,39,32,175039,31788
824,282,2507942806,206450293,75744,1088567,2658908,754053512,6,6,11,6,56244,9438
526,496,2958859994,3002416208,33134,3682379,3094548,516075968,11,4,7,4,192183,15149
557,527,2517879264,216855166,8340,20707,20383,605976864,1,1,1,2,177999,32
707,681,2619558299,3654784249,186296,4286487,43788995,921050056,47,24,24,28,147133,17160
825,282,2318963509,184705152,12753,1026035,2585084,1191927832,5,6,11,6,54643,9178
617,527,2309210718,411490608,40714,862463,3005236,417695056,32,5,5,6,101138,3628
826,527,2762886365,1261647200,31798,2975017,32840338,959336416,17,16,20,16,79224,21340
707,587,2780348949,584052134,25585,1544118,10645837,1212115504,8,19,18,21,101775,11100
677,616,2426458323,158104883,18137,319996,1690688,1284331928,8,11,7,12,103149,1995
707,676,2908802088,733587899,71914,836732,8921714,636988296,44,5,1,5,187865,4192
796,312,2699017654,344653220,16612,1985831,5189013,781443136,8,8,12,9,64739,13463
826,312,2768968740,372402414,17062,2100132,5909477,943936600,9,8,11,7,66674,14247
796,342,3042620510,966916697,28554,4529434,35764021,1305035480,23,6,3,5,81119,22296
826,342,2936678383,891910073,38374,4459731,24728102,757201808,24,6,3,4,83054,22926
647,527,2410341327,444391365,40284,1063350,6166490,937790256,31,7,4,7,99073,5217
647,616,2572998706,189627798,15452,60895,95391,1010011024,2,4,2,4,137868,137
677,646,2438772010,184911500,22189,307983,1194039,1100290960,5,5,4,6,117901,1007
736,707,2943234533,1394677170,41050,2612778,16392943,772547856,12,9,6,11,240622,15310
793,312,2275577833,335015404,17919,1847928,3985957,946192888,10,7,9,6,64450,11827
707,556,2684384243,1903084698,53135,3266722,50548833,1037020952,22,26,15,27,130492,17663
677,586,2419009778,226152050,18252,613402,2795147,1153538240,8,9,6,9,105315,3173
708,707,2448488569,215006918,16936,996220,1650326,430126568,3,2,2,2,148821,5723
520,282,2330926141,258432781,21406,597152,801915,529532608,12,8,10,4,67729,4974
824,312,2358052457,378386842,17476,2026659,4025511,689536208,10,7,10,6,63087,12726
793,342,2440460065,736173232,30915,3455840,6147684,977560312,25,3,2,1,77789,16632
707,647,2669983752,746524269,35252,1945472,14163423,557801576,10,26,11,27,121442,11606
282,251,2460445653,209001568,22630,434259,2977437,634841880,12,11,13,11,32781,1964
343,282,2257723459,448900229,25865,1303460,3507424,804331360,15,10,14,14,57943,5600
825,312,2374344844,353810053,16222,1943596,3834116,958423448,9,7,10,6,61486,12718
824,342,2386998318,1017763400,44223,5708234,8907322,522076224,25,3,3,1,76426,18117
825,342,2341356292,820105533,28341,3675057,6550487,850177176,24,3,3,1,74825,18645
586,557,2870092278,401887338,138737,429451,22415,1087851960,74,2,2,0,186162,1442
616,557,2800344712,1470190284,205327,1849936,31473348,901443880,69,39,2,37,166133,7413
677,557,2498714017,196986374,18634,481675,2649058,973051168,8,8,6,8,79589,3200
766,557,2909950448,1151054368,37223,2604592,28918153,719356760,16,20,18,19,98361,16282
796,557,2911658892,1280495209,34543,3054728,28139666,492694472,16,18,21,17,91381,17398
647,586,2791417734,230480551,47730,384928,2323540,599691792,39,4,0,4,132840,1681
646,587,2805768316,578385047,40728,1060928,30004744,839710152,39,10,0,10,112543,7043
646,616,3229665276,454272971,12405,28664,22018,986394488,1,1,0,1,270979,6
646,617,3013683935,528730830,18051,1017552,1630916,500800848,2,7,6,7,115227,5419
707,617,2999942753,680464230,28042,1613280,13343264,745545824,10,19,18,21,91154,11149
707,679,3194492319,1514040018,104017,2379060,66243398,597293672,55,21,10,21,162795,11688
401,282,2427583726,274102016,21973,605916,636128,883035288,15,8,10,2,72406,3872
792,282,2250039315,223079914,16218,1011020,2938825,970003896,6,8,14,10,58850,9378
793,401,2344939447,1162723290,38630,4499730,1830473,779883752,34,3,4,2,84737,18885
466,438,2355608643,735048602,33940,1342617,2534941,462886800,28,3,2,2,71619,4174
467,438,2260157200,695807216,30973,1155225,2162980,741174808,28,3,2,2,71619,4174
646,438,2704788811,968993512,40603,2938236,29492275,541134896,30,8,0,8,79547,12385
737,527,2368648117,249726847,11087,756165,6188613,675657608,3,11,4,14,64142,9062
826,557,2655090382,1312040925,24008,2248025,19556437,624877240,17,15,19,15,73505,18796
707,650,2793023124,1743106084,117073,2826127,47578992,695280168,55,21,13,21,162119,12743
707,678,2736031422,915851034,111874,1575397,31699993,586600576,56,24,6,24,172024,7444
460,282,2293585852,253468063,24053,814643,963353,687874200,16,7,9,2,69374,4676
761,282,2377702876,195121678,14522,775302,1293567,779018040,6,7,13,7,56051,7629
823,282,2282473558,87189350,11372,524318,784480,819526776,4,3,6,3,47134,4992
520,312,2288454488,364137969,28870,1520252,1486562,455304152,18,11,12,7,81460,5970
796,401,2785008352,1388292717,36180,6647739,2516112,492705760,31,3,4,2,79270,22175
824,401,2442145475,1394283630,39937,5214666,2512657,515758728,33,4,6,3,83374,20790
825,401,2361539745,1334455779,38840,5720546,2609802,554900440,33,2,3,1,81205,21168
826,401,3003122343,1601315044,36614,5785793,2189425,625682072,33,2,3,1,81205,22451
437,408,2302489978,232568201,28012,358934,42601,720755440,26,2,2,0,69705,1149
646,408,2598659153,775143430,34351,2516703,22229958,599965328,25,7,0,7,71506,11781
793,431,2262219849,1306697563,42229,5054828,1907443,664572992,36,3,4,1,84679,19100
496,438,2573047702,532218200,24445,1433974,5801489,538410280,19,5,3,4,67997,5752
526,438,2632544548,1114876475,53566,2525082,34222436,606510224,23,26,16,27,96367,10363
793,460,2375693017,1390282644,44190,5313322,2001208,722394232,38,3,4,1,86261,19323
793,461,2471233111,1320278782,98568,4844810,2331987,466284016,36,3,4,1,84679,18894
793,490,2461895214,1524869228,47581,5054227,2161457,664722696,40,3,4,1,88163,19403
677,556,2403877277,148093299,12865,435762,2260924,733932728,8,8,6,8,86338,3117
676,557,2785784267,2311380445,119729,3426995,71453581,706363048,47,37,5,37,158030,15440
707,593,2723745160,5205744615,76354,6198332,81985619,877056512,39,20,25,26,143404,28480
826,646,2816066002,3297012484,77972,4546146,110899035,735963848,24,26,33,27,121387,24368
707,651,2863571024,4147580945,89816,5648384,121336144,1370606024,45,22,23,25,154767,21715
795,707,2689130634,8957019834,126248,8005952,149985464,650633168,51,36,47,36,152786,38595
342,282,2389799071,693986590,77176,1040830,5588392,916636104,57,3,2,1,132578,4035
431,282,2265121806,240653280,21758,608540,627925,1011634464,15,8,10,2,69374,4151
461,282,2366071757,266295421,22015,822691,659050,213708600,16,7,9,2,69374,4676
490,282,2365795151,241847261,20571,662820,656937,307620368,14,7,9,3,68308,4766
580,282,2249176906,193896982,15721,641983,629377,401512512,12,6,8,2,61340,5174
757,282,2263859947,237886831,15230,845819,806793,495413040,12,5,7,2,60299,7370
760,282,2268660236,185394376,13358,764896,1299616,589307624,6,7,13,7,56051,7525
762,282,2225586637,165104051,13080,1001433,2638513,683209640,6,8,14,8,58850,9113
823,312,2399692311,131065343,10599,810579,1653555,739545176,5,4,8,5,56278,6576
823,342,2174086808,165004938,12104,1068907,2158722,833437328,9,2,3,1,66496,7030
793,372,2257011147,1064247451,35368,5206191,1955674,279064592,32,2,3,1,76843,18375
796,372,2747710297,1143869424,32305,4952632,547654,711006360,30,1,1,0,72739,21123
824,372,2268809800,1210490860,35851,5554992,2735787,229689088,31,3,5,2,76843,20128
825,372,2278951135,1180009362,42683,4539553,310073,644232912,31,1,1,0,74674,20326
826,372,2682197332,1188133750,32734,4834334,241796,1096443160,31,1,1,0,74674,21495
793,402,2237653558,1133635843,36144,4342502,1840981,549094528,33,3,4,2,80318,18848
796,402,2723125424,1280859498,33926,4753545,1915853,1039024648,31,2,3,1,76214,21948
824,402,2263586235,1276811804,38707,5247657,2318799,590094504,32,4,6,3,80318,20699
825,402,2220208399,1299796812,36060,4703688,1752788,1082178400,32,2,3,1,78149,21010
826,402,2809776336,1400145964,34925,5788304,2100834,626673880,32,2,3,1,78149,22252
466,408,2397203480,643034094,22420,1131040,2470944,891659640,23,2,1,2,65922,4298
467,408,2392001585,664532793,24179,1593961,3573210,201156144,23,2,1,2,65922,4298
496,408,2564467647,424673421,17999,1123589,3961687,383304448,16,3,2,3,60665,4935
526,408,2667658159,800929212,41566,2076364,23811369,729367528,22,17,5,16,80148,9524
796,431,2711308543,1752575254,37125,9995418,3213883,382839296,33,3,4,2,79212,22762
824,431,2336951042,1471626803,40356,4475017,2116962,926350984,35,4,6,2,83316,21120
825,431,2294110857,1438429368,38807,6083522,2285278,582642080,35,2,3,1,81147,21615
826,431,2598661478,1535595164,41936,7522352,2831232,308425688,35,2,3,1,81147,22980
796,460,2773939154,1543404660,38889,5191427,2165183,893934464,34,3,4,2,80232,22697
824,460,2497637308,1790181304,45284,5468329,3994356,631193920,37,4,5,1,84898,21449
825,460,2368182985,1607284844,40898,6619783,2516497,414426936,36,2,3,1,82167,21477
826,460,2759273788,1588952457,43504,7355666,2751661,247053880,36,2,3,1,82167,22881
796,461,2804908837,1468097731,39165,5298337,2180702,805658568,33,3,4,2,79212,22570
824,461,2547648959,1698778395,40979,5968867,3226690,534244392,35,4,6,2,83316,20914
825,461,2398364626,1529083607,40906,6934938,2488235,301111448,35,2,3,1,81147,21418
826,461,2597818929,1477069539,38968,5355948,1946701,871049568,35,2,3,1,81147,22783
796,490,2736096641,1637203809,41896,6523428,2649808,695004928,36,3,4,2,81506,23173
824,490,2460799703,1888124436,72091,9777250,2971682,569087080,39,4,5,1,86800,21631
825,490,2470129559,1816586539,44240,6857848,2358423,450325448,38,2,3,1,84069,21825
826,490,2866007022,1902678728,44254,13044528,3005427,375826400,38,2,3,1,83441,23307
527,496,2729321880,2878468682,37039,4087645,5105239,848615648,11,9,7,9,132913,15571
793,520,2433639404,1633766803,49954,5158247,2122618,681863544,42,3,4,1,89332,19368
796,520,2851347282,1828167505,44082,7089836,2688407,550903384,38,3,4,2,82675,23471
824,520,2424427565,2032003004,76233,12005164,4394893,428785456,41,4,5,1,87969,21686
825,520,2505229885,1692738128,50348,6447855,2651077,1043421464,40,2,3,1,85238,22014
826,520,2690206444,1763951056,45905,6604363,4146452,770120632,40,2,3,1,84610,23561
646,528,2632357606,426595179,36970,962404,604884,932832592,30,5,5,1,66831,4973
706,557,2894400271,4705477280,108605,5284425,104519056,647681232,42,35,24,34,157894,23659
793,580,2554796250,1756387557,76223,7862145,3156568,1216896592,44,2,3,1,90531,18405
766,587,2846855538,337607303,15983,943034,5247942,414457640,5,12,15,11,79212,7682
796,587,2887845484,322022478,14099,989513,4858005,548783656,5,11,19,10,70150,8148
707,592,2825578604,5304066521,74210,6561970,79396418,400329640,40,19,23,24,143404,27216
707,621,2794758477,4877237572,84955,6468007,98933506,1137661592,44,20,24,23,147357,24823
707,622,2766257766,4737933934,83866,6085345,86414182,917987872,44,20,24,23,147357,25338
707,649,2756269556,1414818144,95415,2411299,61012565,514421080,55,16,10,16,156732,10868
681,679,2368742609,19218482985,95594,12168528,63639530,516778392,51,19,28,19,150003,39625
708,680,2382625702,1331841322,85367,1946065,4716240,1019984416,57,7,0,7,120253,8151
793,727,2335085446,1418235320,56074,4274220,233080,649340912,47,1,1,0,93931,12592
796,727,2805134103,1746043752,50434,4990870,1874970,1260370904,41,3,3,1,88637,18021
824,727,2304882997,1640797893,54522,4343447,1057658,957469384,46,2,2,0,93931,15083
825,727,2387713933,1684005873,51695,8404795,433566,669488784,44,1,1,0,91200,16047
826,727,2807326594,1683542772,51460,6760995,209947,399655896,44,1,1,0,90572,17694
824,790,2312728412,1674403970,72949,3132485,661139,619898552,54,2,2,0,104414,9735
342,281,2308373831,188476229,21841,706308,371813,691799792,11,4,4,2,31672,2230
550,282,2269950670,200086991,23105,830746,870472,853545024,11,7,9,2,61340,4764
